human_label	predicted_label	doc_id	sent_id	text
NEUTRAL	EF	2433935	7	Через пару месяцев такой случай подвернулся.
EF	INF	826379	14	В общем лекарство хорошее, теперь пользуемся им мы с мужем., но аллергикам не советую.
EF	INF	1133905	7	Итог: препарат работает, но такая работа и её последствия - врагу не пожелаешь!
NEUTRAL	INF	1133905	3	Пил год феназепам, спасибо тетке - поделилась, пока не закончился.
EF	INF	2402827	2	Этот спрей нам иногда помогает, когда уже насморк запущен настолько, что уже ничего не помогает.
EF	INF	2402827	7	Это средство эффективное и пока не подводило.
INF	NEUTRAL	2729929	7	По мне, так это пустышка, которая может обладать только эффектом плацебо.
NEUTRAL	EF	2729929	4	Тенотен должен был оказать успокаивающее и противотревожное действие, но при этом не вызывая сонливости и заторможенности.
INF	EF	807762	1	После него на 4 день с 37,3 у ребенка 4 лет поднялась температура до 38,00, лучше инфлюцид, который действительно помогает!!!
NEUTRAL	EF	807762	2	Общее впечатление : отвратительный RATING 1 NOTE
INF	NEUTRAL	2397151	11	Разочарована, так как пьешь в надежде на хотя бы месячную ремиссию, тратишь деньги(стоит не дешево), о времени и надеждах вообще не упоминаю.
NEUTRAL	INF	2397151	5	Температура выше субфибрильной 37,2 не поднимается, но самочувствие при этом- полная дрянь.
NEUTRAL	INF	2501951	4	Может быть его надо периодически употреблять, не знаю, но это наводит на мысль о его бесполезности.
INF	EF	618939	7	Ощущение предболезненное.
INF	NEUTRAL	618939	12	Возможно это личная непереносимость, но на фоне предыдущего опыта с ваксигриппом ощущения крайне неприятные.
NEUTRAL	EF	656330	8	Поэтому я считаю что мазь малоэффективна.
EF	NEUTRAL	894083	7	Не могу сказать что питаю к Тонзилгону нежные чувства, но препарат однозначно достойный!
NEUTRAL	EF	2389422	7	Ребенок стал болеть пуще прежнего, конечно виной всему адаптация к новому коллективу.
NEUTRAL	EF	2461263	5	И более того с обратным действием - вызывает заложенность и удушье.
INF	NEUTRAL	1484511	8	Пользы нет, зато для щитовидки вред!
NEUTRAL	EF	2396436	3	Когда я читала его инструкцию, для меня стало неожиданностью, что он воздействует не только на работу сердца, но и положительно влияет на другие органы и системы.
INF	NEUTRAL	805646	1	После двух раз применения, с промежутком в 12 часов, получила признаки простуды (обильные выделения из носа (больше справа), чихание, увеличение шейных лимфоузлов).
EF	NEUTRAL	3004353	1	Конкретно успокаивают посильнее иных таблеток.
INF	NEUTRAL	2380047	15	Больше не куплю, деньги на ветер.
INF	NEUTRAL	955050	10	Нет того спокойствия как в танке, как многие утверждали.
NEUTRAL	INF	955050	13	Но для меня Тенотен - нет.
EF	INF	2538754	5	На месяц мне хватило 2х упаковок, пусть он и дороже многих успокоительных средств, но эффект от него есть.
NEUTRAL	INF	2538754	1	Был сложный период в жизни, нервы шалили не на шутку, по ночам не спала .
INF	NEUTRAL	2663330	11	Пили и болели.
NEUTRAL	EF	656261	5	Да и стоимость курса лечения заметно увеличивается исходя из назначаемых доз, накладно как-то.
INF	EF	2544941	7	Да, говорит, мне мама во время вирусов давала, правда толку немного, но не вредит же.
NEUTRAL	INF	2418508	1	Всем привет!
NEUTRAL	EF	2423783	3	И вот по телевизору увидела рекламу о лекарстве "Тенотен" все нахваливают говорят что классный, и в аптеке тоже сказали что препарат хороший.
NEUTRAL	EF	2695437	6	Сам спрей довольно резкий, жжет слизистую некоторое время после нанесения, ребенку не нравится.
EF	NEUTRAL	1740396	7	Результаты стали видны через две недели, каждый день начали появляться новые слова, но был один момент.
EF	NEUTRAL	2445904	3	Она недорогая, простая в применении - всего лишь смазать внутри носа перед выходом из дома, и путь вирусной инфекции в организм закрыт) Ещё ею можно мазать герпетическую сыпь, особенно в комплексе с противовирусными таблетками.
NEUTRAL	EF	2661222	4	Кроме применения лекарственнных препаратов, вечером, перед сном я стараюсь успокоиться, снять эмоциональное напряжение.
EF	NEUTRAL	822369	8	В прошлом году я приняла трехдневный курс лечения "Эргофероном" и полностью вылечилась.
EF	NEUTRAL	822369	9	Таблетки "Эргоферона" кроме лечебного эффекта, являются отличным профилактическим средством.
NEUTRAL	INF	2702457	2	Одним из симптомов моего заболевания-с 5 лет упорная бессонница.
INF	NEUTRAL	579743	4	В результате понял, что это не медикаментозный препарат, а банальная биодобавка, от которой толку как с козла молока :) Понял это по НУЛЕВОМУ результату лечения.
EF	NEUTRAL	2460790	6	Результат мы увидели через месяц.
EF	NEUTRAL	2460790	7	Наш малыш начал говорить по два три слова в предложении.
NEUTRAL	INF	950111	7	В составе действительно нет ничего страшного.
INF	NEUTRAL	936675	9	Я говорю, что не действует, а они все равно выписывают.
NEUTRAL	EF	936675	14	Дешевле, но зато как эффективно.
NEUTRAL	EF	2443740	2	нагрузки на учебе, летом толком не отдохнула, погода оставляет желать лучшего.
INF	EF	591900	3	Мы пробовали, когда была просто аллергия на непонятный нам продукт - легче не стало.
INF	NEUTRAL	591900	6	Я тоже пострадала от укусов комаров летом, тоже мазалась и тоже как чесалась так и чесалась.
EF	INF	832817	8	Правда, осталась еще маленькая ранка, но зато губу не раздуло, не разнесло, дальше герпес не пошел.
NEUTRAL	EF	832817	3	Я какие только средства не перепробовала: и Герпевир, и Зовиракс и еще какое-то средство было, а еще врач мне порекомендовал еще на ранней стадии появления герпеса присушивать его спиртом, вернее спиртовым раствором (кстати, помог).
INF	EF	905423	7	Общее впечатление : И лечились и профилактика фигня!
NEUTRAL	INF	905423	2	Второй раз, заболела я, и хотела подать ребенку противовирусное средство, чтобы не заразился, в итоге заболел малой больше чем я. Стоит этот сироп я бы сказала дорого, а эффекта особо мы не увидели.
INF	NEUTRAL	578508	4	Пробовала давать отдельно, как профилактику, съедают целую пачку, а толка никакого, а стоят не дёшево.
EF	INF	2443835	6	Не знаю, может быть, это было просто самовнушение, что я пила профилактический препарат, а может, действительно, "Эхинацея" сработала.
INF	NEUTRAL	2658215	2	Он то да, притупил основные симптомы гриппа, но бороться с ним мне пришлось все-таки с помощью антибиотика.
NEUTRAL	INF	591856	18	Выкинутые деньги и всё.
NEUTRAL	INF	653736	7	Результатов никаких!
NEUTRAL	EF	978728	1	Были проблемы со сном, как в последствии выяснилось причиной тому стал высокий холестерин, Скинув до нормы бесоницы больше нет.
EF	INF	656118	6	Не знаю совпадение это или препарат помог, пока ребенок его принимал в течение месяца вообще не болел.
INF	EF	592814	5	Начала его принимать совершенно здоровой, через 1,5 недели после приема заболела.
INF	EF	592814	6	Вот и вывод препарат по идее должен был уже начать действовать так как минимальный курс его приема составляет 1 неделю, а заболела я на 11 день после начала приема.
INF	EF	592814	7	Пропив 5 упаковок это примерно 500-600 рублей пять лет назад, я как болела, так и продолжала болеть.
EF	NEUTRAL	2516885	7	Выпив одну таблетку сон долго не заставляет себя ждать.
NEUTRAL	INF	2716232	3	С тех пор простуду лечу только им.
NEUTRAL	EF	2509783	1	У ребенка начался сильный насморк(нам было 2 месяца), спросила у подружки чем лечились, сказала что прописали свечи Виферон 500000 и промывание.
INF	NEUTRAL	2698684	14	Горло как было красное так и осталось.
NEUTRAL	EF	2385125	13	Вызывает сонливость в течении дня.
EF	INF	1097205	7	В целом, если хотите заснуть, то донор мил поможет, но последствия того не стоят!
EF	INF	2500754	2	Его посоветовала моя мама, мол хорошая вещь, и не вредит, и помогает.
EF	NEUTRAL	2500754	6	Тот случай, когда лечим, но не калечим.
EF	NEUTRAL	2489974	9	Перед сном просто отличное средство.
NEUTRAL	EF	650293	4	Ребенка так измучаем, что он уже боится всех процедур, связанных с носом.
NEUTRAL	INF	1058674	2	Конечно волшебного эффекта я от данного препарата не ждала, прочитала отзывы и инструкцию в интернете, в том числе и о побочных эффектах, но все-таки решила купить, тем более ранее у ребенка аллергии на лекарственные препараты не было.
EF	NEUTRAL	883078	2	Раньше довольно часто использовала данный препарат Положительное действие свечки видно сразу же.
NEUTRAL	EF	883078	10	Это необходимо, чтобы такой явный положительный эффект сохранялся.
NEUTRAL	EF	2407176	1	В три года ребенок начал подхватывать инфекции очень часто.
EF	NEUTRAL	2446305	15	А как хороший эффективный препарат- "Гриппферон" советую применять.
NEUTRAL	EF	2446305	2	Конечно лучше его использовать как только почувствовали первые признаки недомогания.
INF	EF	806166	6	После принятия первой таблетки, мне показалось что какой то эффект есть, (наверное, сработало самовнушение), проснувшись на второй день поняла что мне стало еще хуже и болезнь продолжает набирать обороты.
NEUTRAL	EF	806166	2	Заболела достаточно сильно, а выздороветь хотелось как можно быстрее.
EF	NEUTRAL	2428518	10	Это средство дополняет основное лечение.
NEUTRAL	EF	2428518	2	Здесь нас выручает крем Evergetikon.
INF	EF	1263039	7	Пока проводилось лечение Вифероном, результата не ощущалось, как только врач назначил другое лекарство, улучшение наступило очень быстро.
NEUTRAL	EF	1263039	6	Но температура не спадала, сделали укол, стало лучше.
INF	EF	649988	7	Общее впечатление : Плохой препарат!
NEUTRAL	INF	815444	6	Ведь сейчас найти информацию и исследования препаратов не проблема, спасибо мед.
NEUTRAL	EF	811523	1	В последние годы простудные заболевания всё чаще и чаще проникают в мой организм.
NEUTRAL	EF	2465822	2	Так как это средство облегчает первые признаки боли в горле.
EF	INF	2546207	6	Нам отлично он подошел, никаких аллергических реакций(в побочых действиях написано, возможно ), прием через час после еды, или за час до еды.
NEUTRAL	INF	632718	1	Покупал при простуде - результатом не доволен.
EF	INF	655424	6	И температуры не стало!
EF	NEUTRAL	2424679	11	Нос конечно, еще мучает, но для него есть и другие лекарства, а то, что нет ломоты и температуры, я все могу делать-это плюс!
NEUTRAL	INF	1049528	8	Общее впечатление : не вызывает сонливости
INF	NEUTRAL	2502303	10	Цена приемлемая, ухудшений нет.
NEUTRAL	INF	2502303	4	Меня, почему-то эта ситуация сразу не насторожила, и я пошла таки в аптеку.
INF	NEUTRAL	252735	6	Когда мы в последний раз лежали в больнице, заведующий отделением сказал: "Анаферон- убогое средство, попробуй Назаферон."
EF	INF	252735	8	К моему удивлению уже 9 месяцев не болеем.
EF	INF	874652	7	На утро была как огурчик, но ослаблена.
EF	INF	874652	8	Ведь Антигриппин снимает только симптоматику, лечение ни кто не отменял.
NEUTRAL	EF	874652	6	Затем следующую таблетку выпила перед сном на ночь и тоже потела всю ночь.
NEUTRAL	INF	942403	2	Так как переплачивать за бренд (типа Зовиракс) не вижу смысла, при первых признаках "простуды" на губах беру крем ацикловир.
EF	NEUTRAL	2439506	2	Во время приёма препарата ребёнок не болел.
NEUTRAL	EF	2463217	3	С сыном стали заниматься дома развитием речи, а поскольку он у меня очень беспокойный, на месте практически не сидит, то стали принимать этот препарат, в надежде, что он станет поспокойнее.
EF	INF	609191	7	Сначала - эффекта никакого, на пятый день я действительно вроде поуспокоилась, но стала кружить голова, да так что в стороны заносило, с давлением появились проблемы.
INF	NEUTRAL	2502253	7	Вроде как по описаниям и действующему веществу эффект должен был быть, но увы... В инструкции так все расписано об эффективности препарата, вот она.
INF	EF	2502253	8	В общем эффект от приема таблеток- НУЛЕВОЙ.
EF	INF	2522797	6	Тут такого вкуса нет, но зато есть эффект.
NEUTRAL	EF	2522797	3	Прописал мне их врач, скачал принимать по 3 раза день после еды, со словами, что данный препарат весьма эффективен против больного горла.
EF	INF	875711	8	Через несколько дней от простуды не осталось и следа.
EF	INF	2657172	1	По своему личному опыту могу сказать, что препарат лишь купирует проявления простудного заболевания, избавляет от симптомов, но не вылечивает полностью.
NEUTRAL	EF	2412180	1	Я очень боюсь сквозняков, в результате которых у меня очень часто появляется простуда на губах и глазах.
INF	EF	588478	8	А вот муж, на 5 день заболел и заразил меня.
EF	INF	2436411	4	Давненько не болели серьёзно с температурой.
NEUTRAL	EF	2700413	3	Как и любой другой препарат он может хорошо подходить одним и совершенно не подходить другим.
INF	EF	273783	10	Может быть препарат действительно помогает, но я этого не поняла.
EF	NEUTRAL	2436921	5	Плюс капель, что они действуют комплексно, борются с причинами и устраняют симптомы.
NEUTRAL	EF	2445928	6	Цена кусается.
EF	NEUTRAL	624086	12	Общее впечатление : Помогает не хуже других лекарственных средств.
NEUTRAL	EF	624086	7	Конечно здоровье ребёнка важнее, но честно говоря, Анаферон ни чуть не хуже Кипферона.
EF	NEUTRAL	610650	6	А если вовремя начать использовать Виферон, можно и совсем остановить болезнь.
INF	NEUTRAL	2403676	5	И вообще ничего не произошло.
INF	NEUTRAL	2460904	2	Сама бы я ему эту разрекламированную пустышку никогда не дала, но не догадалась спросить, чем именно его лечат, когда сообщил, что простыл, понадеялась на квалифицированный персонал, а зря.
INF	NEUTRAL	834566	4	На следующий день на неделю сел на больничный.
INF	NEUTRAL	834566	12	Снова сел на неделю на больничный.
INF	EF	2541096	4	Сколько уже даем его при каждой простуде, эффекта я от него не вижу, всегда болеем дней 5-7, а иногда и того больше!
INF	EF	944009	11	Общее впечатление : Курс прошёл,а горло так и болит...
INF	EF	818785	1	С этими таблетками знакома не понаслышке, ,моя родственница болеет психическим заболеванием, может по 3 дня не спать и по ночам ходить., перепробовав много снотворных помогло это., донормил не помогает при психическом расстройстве.
EF	INF	2670555	8	На вторые сутки уже ощущался эффект.
EF	INF	2670555	9	Я не сказала бы, что это было спокойствие, скорее собранность и более холодная рассудительность.
INF	EF	2696309	2	Второй день принимаю, легче не становится.
INF	EF	2660532	4	Курс приема всего 2 недели, сейчас ребенок послушный, больше стали с ним разговаривать, появилась усидчивость, больше стишков стал запоминать, и в садике стали хвалить.
NEUTRAL	EF	2660532	6	Всем подругам советую, если есть проблемы в воспитании детей.
EF	NEUTRAL	2734640	9	Ну и 3 месяца высыпаний не было.
INF	NEUTRAL	2734640	11	Но после сильного стресса в начале декабря герпес снова дал о себе знать.
INF	EF	2734640	14	Вроди прекрасно, но через неделю опять рецидив.
NEUTRAL	EF	2734640	1	Подхватила генитальный герпес весной 2015.
EF	NEUTRAL	910944	5	Уже после пары иньекций сын начал с удовольствием заниматься, слушать стихи, раньше его было не заставить.
EF	NEUTRAL	910944	7	Не развернутыми предложениями, конечно, но с каждым днем все лучше и лучше.
INF	NEUTRAL	2491980	6	стало только хуже.
EF	NEUTRAL	822853	2	Валтрекс мне понравился больше.
EF	INF	886333	4	Да, эффект был, кисты рассосались.
NEUTRAL	EF	2555494	10	Кроме того, во время и после его применения у ребенка резко снизился аппетит.
NEUTRAL	INF	265385	4	В общем сижу полный нос соплей в горле говня и смотрит на меня этот баллончик злощастный ( Общее впечатление : а меня не впечатлил
NEUTRAL	INF	2430254	6	Какие-либо неприятные ощущения при использовании отсутствуют, нет привычного чувства горечи.
EF	NEUTRAL	882854	23	Это обычная цена на такие свечи, но очень эффективные.
EF	NEUTRAL	2738039	13	Не значительно снять чувство тревоги.
EF	INF	824290	4	К моему удивлению он оказался нашим спасением!
INF	NEUTRAL	2438387	6	Так вот, после того, как одна свечка была использована, я почувствовала общее недомогание, еще хуже, чем было.
NEUTRAL	EF	2438387	7	Затем голова стала тяжелой, в животе было вздутие.
INF	EF	2388099	7	Когда к третьему дню я уже с дивана встать не мог, мама сильно удивилась, что мне не легче.
NEUTRAL	EF	2388099	5	Мол пей, дитя мое, по две таблетки три раза в день два дня, а потом еще два по таблетке тоже три раза в день.
NEUTRAL	INF	2399213	9	Я начинала с 15 капель, а потом пришлось пить уже 20 и больше... Мне такой эффект совсем не по душе.
INF	EF	589250	4	После первого брызга произошло чудо-наши сопельки исчезли, я подумала-надо же, какой чудо спрей, за одно применение сопли прошли... НО не тут то было... после второго брызга и последующих сопли начали литься в двойном обьеме, я в шоке, вместо того чтоб сопли прошли они начали течь еще намного больше... Ерунда в общем дорогая, и бестолковая... Больше никогда не куплюэтот препарат.
NEUTRAL	EF	589250	1	Дочка (1.2года) заболела, кашель, сопли желто-зеленые ручьем текут, только вытру, а они опять до рта дотекли... Вызвали врача, та там помимо кучи лекарств выписала ИРС 19... Пошла купила, дорогой, 450 рублей за него отдала, думала что раз такой дорогой, то точно должен вылечить мне дочку.
INF	EF	655105	6	Пришел ребенок со школы с вирусными признаками, а вскоре и заболел, заразил и младшего, но позвольте, где же результат лечения и профилактики препаратом Анаферон?!
EF	INF	2542614	6	действие правда через недельку видно, но нам понравилось!
EF	NEUTRAL	2451285	7	Благодаря кагоцелу ходим в садик не болеем.
INF	EF	593383	4	Пила я из пила, и что ого сказать, на вкус приятно, быстро растворяются, но делают ли что то, я так и не заметила.
INF	NEUTRAL	593383	6	Пила пила и ничего опять.
NEUTRAL	EF	593383	5	Второй раз я пробовала их во время сессии, надеялась что помогут справится с волнением, ну и конечно что на улучшение деятельности мозга, во время экзаменов, это как никогда кстати.
EF	NEUTRAL	618967	11	Покрейней мере свечи считаются безопасными и ими можно лечить орви у грудничков.
NEUTRAL	EF	618967	4	Это был кошмар и мучение.
NEUTRAL	EF	2695134	3	Ребенка я тогда из простуды вытянула буквально за неделю, но списала все на вовремя и грамотно начатое лечение.
EF	NEUTRAL	594103	2	Не дает подняться температуре.
NEUTRAL	EF	594103	3	Но на второй день- сыпь по всему телу.
NEUTRAL	INF	652119	11	Я 3 дня не могла особо ничего делать.
NEUTRAL	INF	884467	9	Уже месяц всей семьей мажутся, и пока никто из них не болел.
NEUTRAL	EF	2491250	3	Начали мучить сердцебиения, раздражительность, плаксивость, бессонница.
INF	EF	2537356	5	И каково было мое разочарование, когда лечила я герпес около 10 дней.
NEUTRAL	EF	2671902	1	Ну что я могу сказать, хорошее но слабоватое средство.
NEUTRAL	EF	108315	5	Но сон ужасный, утром просыпаешься, а состояние у тебя как будто ты не только ночь не спала, а еще усиленно работала.
NEUTRAL	EF	2408295	1	"Назаваль ПЛЮС" - это хорошо разрекламированный способ защиты от ОРВИ, барьерный.
INF	EF	609507	16	Наверно пошло привыкание к препарату и он мне перестал помогать.
INF	EF	800450	4	мне так плохо было от них голова просто взрывалось, недомогание, усиление головокружение я думала умру!
EF	INF	800450	5	( Вечером выпила но-шпа как все прошло, пью два дня у меня не кружится голова и не болит)))если бы не но-шпа я не знаю что было со мной!
INF	EF	2384638	2	Но на ход болезни это никак не влияло, болезнь шла своим чередом вначале обострение, потом улучшение и в целом проходило недели полторы пока дочка выздоровит.
NEUTRAL	INF	2384638	5	Когда ребенок пошел в садик и начал часто болеть дали афлубину еще один шанс, но результата так и не увидели.
NEUTRAL	INF	2497493	6	На вкус она не противная, ребёнок его съедает спокойно не морщится.
INF	EF	2653333	5	Толком не расслабляет, сплю плохо, но при этом появилась дикая раздражительность, агрессия, и такое чувство, как будто я выпил несколько банок энергетика и меня "прет", то есть чрезмерная активность, раздражает каждый звук.
NEUTRAL	EF	2653333	4	А вот в следующий раз (прошло примерно полгода или чуть больше) во время обострения гастродуоденита препарат действует совсем по-другому.
EF	INF	2673128	6	На протяжении трех дней мне стало заметно легче, но простудные признаки не отсупали.
INF	NEUTRAL	2673128	11	Поэтому рекомендовать его не буду.
INF	EF	2534526	3	Что ж, я купила и оказалась разочарованной.
INF	NEUTRAL	2534526	9	Если учитывать, что это не самое бюджетное решение, то я не готова рекомендовать препарат своим друзьям и знакомым.
NEUTRAL	INF	2534526	7	А вот в плане успокоения - не скажу, что не было эффекта.
EF	NEUTRAL	2543301	5	Хотя ребенок перестал жаловаться на то, что иногда сводит ногу.
NEUTRAL	EF	2543301	2	Делюсь своим мнением о эффективности препарата Трентал 400 мг, 20 таблеток Данный препарат был назначен моему взрослому ребенку, который получил травму руки, по этой причине функциональность была нарушена, задеты нервные окончания, кисти и стопы часто были холодными.
EF	INF	916237	2	Я уже точно знаю, что если успеть при первых признаках заболевания принять порошочек, то с большей вероятностью заболеть не получиться!
NEUTRAL	EF	1111461	6	Общее впечатление : Помог с речью,но потом побочный эффект был!
EF	NEUTRAL	916205	13	Домой приехал даже почти здоровым.
NEUTRAL	INF	916205	12	Больше ничего и не надо было.
INF	EF	3188437	6	Что ж, врачам, наверно, стоит верить, в особенности докторам наук ) Но, ситуация отечности носа усугублялась и чувствовала себя мелким гнусавым слоненком.
INF	EF	942554	3	Температура сохраняется, сопли ручьем, горло режет ножами, голова раскалывается.
NEUTRAL	INF	942554	1	Начала пить с первых симптомов заболевания строго по инструкции, но толку ни какого!!!
NEUTRAL	INF	1068061	7	Больше экспериментировать я не стала.
INF	EF	2427129	3	Не очень приятные на вкус, но, на следующий вечер процедуру повторила, тот же эффект.
EF	NEUTRAL	2818054	4	А именно грип и ангина (ОРЗ) прошли после приёма Лавомакса, но потом ВЫСЫПАЛО сыпь, о которой я написала выше .
NEUTRAL	EF	2818054	7	Лавомакс опасен для жизни!!
EF	NEUTRAL	271761	5	При простуде очень действенно, особенно на её начальной стадии.
NEUTRAL	EF	2390747	5	Вот тебе и разница, дороже не значит лучше.
EF	INF	2407197	5	Но все же, даже не смотря на то, что мы не закончили курс лечения (8 недель), хочу отметить, что изменения к лучшему произошли, это точно.
NEUTRAL	EF	64509	8	А вообще, конечно, при любых расстройствах лучше обратиться к врачу, вот он и назначит то, что наверняка поможет.
EF	NEUTRAL	2527424	3	В результае вылечили ребенку сильную заложенность носа синупретом и пришлось антибиотик давать т. к. насморк оказался бактериальный.
NEUTRAL	EF	2527424	2	слишком сильный муколитический эффект, препарат всасывается в кровь, не травите детей и не тратьте деньги.
INF	EF	828556	4	Выпила вторую таблетку, как прописано через сутки-На меня сразу напали все болезни мира-Глаза изнутри выдавливало, кашель сорвал всё горло, я себя буквально по частям отрывала от дивана, что бы подняться, лицо отекло, слабость ужасная.
NEUTRAL	INF	643275	5	Мы уже измучились с этими болезнями!
NEUTRAL	EF	2710914	5	Очень сильно пахнет спиртом.
INF	NEUTRAL	2410173	7	Потом все таки озноб, боли в горле и носовых пазухах возвращаются.
EF	INF	953794	11	Общее впечатление : Отличный иммуномодулятор!
NEUTRAL	EF	953794	4	Остались очень довольны.
NEUTRAL	EF	2533836	4	Препарат Анаферон нужно давать как можно раньше, когда ребенок только начал болеть.
INF	NEUTRAL	810713	12	Поэтому я решила что пользы он него нет.
EF	NEUTRAL	1086939	13	Выделения прекратились.
NEUTRAL	INF	1086939	4	Видимо, в такой степени не было.
EF	NEUTRAL	2653511	2	Первым было Аллокин проколола 3 укола и на 6 месяцев про герпес забыла.
NEUTRAL	INF	87095	3	Кстати, от пустырника такого побочного действия я не наблюдала, поэтому иногда принимаю на ночь его.
EF	INF	877405	6	Через три дня, когда насморк усилился, аквалор уже не стал справляться с вымыванием сопелек.
NEUTRAL	EF	877405	10	Общее впечатление : хорошее средство для ежедневного использования RATING 3 NOTE
EF	NEUTRAL	2689254	5	Невролог отметил улучшения после лечения.
NEUTRAL	INF	792635	3	И мои руки не успевали заживать.
INF	EF	641485	6	Препарат только на один раз, организму он поможет, но дальше смысла нет деньги палить впустую.
EF	NEUTRAL	594839	1	Добрый день, начали у меня проблемы со сном, около месяца мучилась не могла долго заснуть, если с трудом засыпала то проснувшись часа в 3-4 ночи уже не засыпала., решила сходить к врачу, порекомендовал вот это лекарство, в аптеке строго потребовали рецепт, прочитав нотацию, там столько было написано побочных явлений, как и в любом другом препарате, Ну вот при наступление ночи, выпила я свою назначенную дозу препарата, и уснула, впервые за месяц я уснула в течение как мне показалось 10-18 минут.
NEUTRAL	EF	594839	4	пришлось их бросить, хоть с начало все так хорошо начиналось.
INF	NEUTRAL	2440528	7	Очень удобны, всегда под рукой, не нужно воды для их приёма, но результата нет.
NEUTRAL	EF	2685800	5	Если примешь корвалол, запах сразу распространяется по всему помещению.
EF	INF	2547762	8	к счастью, никаких клещевых инфекций у нас не было обнаружено.
NEUTRAL	EF	2414358	2	В начале приёма препарат вызвал резкое повышение температуры, видимо произошла активизация организма на борьбу с вирусом.
EF	INF	2523468	3	Так вот матирующего эффекта я не заметила, и сам герпес у меня прошел примерно за неделю.
EF	NEUTRAL	612471	2	Эффект положительный, принимали по схеме указанной в инструкции.
EF	NEUTRAL	2671137	6	Попробовала и поняла, что по эффективности Грипоцетрон Хот Лимон абсолютно не уступает дорогим аналогам.
INF	NEUTRAL	929986	11	сна не в одном глазу.
INF	NEUTRAL	929986	12	очередная бессонная ночь.
INF	NEUTRAL	929986	16	бесполезно!!!
NEUTRAL	EF	907319	10	Таблетки выпил и пошел.
NEUTRAL	EF	811769	1	Являясь ноотропным средством, Пирацетам, оказывает положительное влияние на обменные процессы мозга.
INF	EF	2733509	11	Оно еще больше стало раздраженным.
INF	NEUTRAL	2522205	7	Возможно препарат накопительный, буду ожидать действия, но пока только выброшенные деньги.
NEUTRAL	INF	2522205	8	Рекомендовать не могу, так как не получила желаемого результата.
INF	EF	644737	10	Капали мы 3 дня по 5 раз на день, а уже на четвертый день у нас появилась температура и кашель.
NEUTRAL	EF	644737	1	В холодную пору года противовирусные препараты являются большой необходимостью.
INF	EF	151880	7	У ОБЕИХ: до 3х ни в одном глазу, примерно в 2 ночи началось сильное сердцебиение и лихорадка, к 5 ночи удалось заснуть, но было ощущение, что в полусне и были жуткие кошмары.
NEUTRAL	EF	151880	9	Весь следующий день у мамы болело сердце, а я была разбитая-хуже чем при гриппе.
EF	NEUTRAL	942280	7	После применения донормила у мужа исчезли такие явления как чиханье, насморк, зуд кожи.
INF	EF	614513	6	Мне легче ни стало даже на 3 день приема Ингавирина, хотя принимать начала при первых симптомах.
NEUTRAL	INF	2519044	4	Милая такая упаковочка Спасибо Фармаку, что хоть положили ложечку) Ведь плюсов я не нашла в нем кроме этой ложечки вообще.
EF	NEUTRAL	2389162	3	Как профилактическое средство не знаю работает или нет, а вот как лечебное средство работает, хоть конечно и не так эффективно как антибиотики))) Какой минус- маленький срок хранения((( Хранится только в холодильнике и после открытия капли годны только в течении 30 дней((( А в закрытом виде срок годности - 2 года!
NEUTRAL	EF	2389162	1	До беременности не знала о этом средстве)) А сейчас от простуды можно лечиться только каплями Гриппферон и Тантум-верде((( Стоят капли не дорого где-то 250 рублей, а эти же капли в виде спрея чуть-чуть подороже 350 рублей)) В виде спрея на мой взгляд намного удобнее, но сейчас у меня простые капли!!
NEUTRAL	EF	2700724	5	Удобный в применении, нужно всего лишь высыпать содержимое пакетика в горячую воду и помешать.
INF	NEUTRAL	240878	4	Хочется спросить у производителей, зачем я пичкала ребенка этой гадостью если она бесполезна?
NEUTRAL	INF	2439190	1	С утра почувствовала недомогание, в аптеке изменила своему любимому Анаферону, выбрав Кагоцел.
NEUTRAL	EF	2513399	9	Но всю жизнь на таблетках жить не будешь и в итоге я все же сменила работу.
EF	NEUTRAL	2501540	6	3 дня и бляшка, которая обычно к этому моменту уже с половину губы, почти засохла.
NEUTRAL	EF	2501540	2	Иммунитет очень слабый и как результат с приходом холодов бахает на губах.
NEUTRAL	EF	885404	3	Неделю ходим, две-три дома болеем.
NEUTRAL	EF	885375	10	Еще для пущего эффекта с утра выпил еще порцию и с чувством бодрости пошел на работу.
EF	NEUTRAL	2705356	8	Начинаю его использовать как только появляется зуд, все проходит в течение 3-4 дней.
NEUTRAL	EF	2705356	1	Так как у меня постоянная проблема с таким вирусом как герпес на губах я очень много лет искала действенное средство, которое быстро избавило бы меня от этой неприятности.
NEUTRAL	EF	2540419	6	Не понравился в нем только запах, очень уж он какой то приторный и непонятный... но думаю это при болезни не так уж и важно.
NEUTRAL	INF	2421119	2	Его эффективность не подтверждается ни одним рандомизированным исследованием, ни собственной практикой.
EF	NEUTRAL	886201	9	Всего чего я добилась от этого препарата принимаего 3 дня - это нормализовалась температура и естественно прошёл озноб.
NEUTRAL	EF	886201	4	Как заявляет производитель лекарство должен снять температуру, озноб, головную боль, боль в суставах и мышцах, заложенность носа, боль в горле и пазух носа.
EF	NEUTRAL	609740	6	Стал пытаться повторять некоторые слова, подражания животным.
EF	NEUTRAL	2379731	2	Много раз меня выручал во время командировок, когда на болезнь абсолютно нет времени, и каждый рабочий день на счету.
INF	EF	2379731	4	Легкую простуду заглушает сразу и на корню, но с более тяжелыми формами один Лемсип не справляется.
NEUTRAL	EF	899066	4	Пакетики выпускаются по 2 штуки, при отрыве которых они рвутся, а содержимое норовит быть рассыпанным.
INF	NEUTRAL	793853	3	И тогда врач нам выписал сумомед, мы его пропили, но ребенок болел, пошли снова к врачу.
INF	NEUTRAL	2398170	3	Однажды после очередной простуды, доктор приписал нам противовирусный препарат Афлубин (Bittner) для лечения старшему и младшему ребенку (8 месяцев) для профилактики, в итоге, дочка через недельку была в садике, а младшенький даже не болел, чему была безгранично рада.
NEUTRAL	EF	582797	1	Во время развода я очень сильно переживала и нервничала.
NEUTRAL	EF	1031967	5	После его приема у меня возникало желание поскорее лечь под теплое одеяло и уснуть.
