sentences,EF,INF,ADR,DI,others,annotation,review_id,sentence_id,sent_start,sent_end
И знаете он мне помог и причем существенно.,1,0,0,0,0,EF[2],885375,8,426,469
"Жаль, никакой помощи не последовало, болезнь прогрессировала.",0,1,0,0,0,INF[1],2433935,9,729,790
За это времья ты не успееш использовать все лекарство.,0,0,0,0,0,NEUTRAL,644737,6,261,315
"При простуде очень действенно, особенно на её начальной стадии.",1,0,0,0,0,EF[1],271761,5,208,271
"К удивлению у моего кума были проблеммы с ЦНС и он лечился тоже кавинтоном, очень помог ему.",1,0,0,0,0,EF[4],618094,7,736,828
"Пакетики выпускаются по 2 штуки, при отрыве которых они рвутся, а содержимое норовит быть рассыпанным.",0,0,0,0,0,NEUTRAL,899066,4,497,599
Но мне на данный момент Арбидол не помогает.,0,1,0,0,0,INF[3],2510045,13,771,815
"А карандаш для ингаляций очень удобный: и небольшой тоже по размеру, и понюхал, нос пробило.",1,0,0,0,0,EF[1],893239,11,470,562
"В силу своего возраста в моей семье часто приходится брать успокоительные капельки -боярышника, пустырника, валерианы и тому подобное.",0,0,0,0,0,NEUTRAL,2439706,2,43,177
Через пару дней горло становится значительно лучше.,1,0,0,0,0,EF[1],2522797,7,440,491
После приема сон наступал достаточно быстро - через 15-20 минут.,1,0,0,0,0,EF[1],747352,3,155,219
"Начала пить антигистаминный препарат и мне легче стало уже через полдня, чесаться перестало и покраснение пошло на спад.",1,0,0,0,0,EF[2],2515768,9,486,606
И это ПРИ ПОСТОЯННОМ ПРИЕМЕ на протяжении 4хмесяцев.,0,0,0,0,0,NEUTRAL,2734640,15,598,650
"Все повторилось, никакого спокойного обволакивающего засыпания.",0,1,0,0,0,INF[1],2427129,5,612,675
Помогает.,1,0,0,0,0,EF[2],818395,3,119,128
"Лучше уж старые проверенные методы, обычный сахар за несусветно большие деньги.",0,0,0,0,0,NEUTRAL,2662704,4,206,285
Эффективны и нам они помогли в комплексе с другими лекарственными препаратами.,1,0,0,0,0,EF[1],2525665,5,309,387
"Мне легче ни стало даже на 3 день приема Ингавирина, хотя принимать начала при первых симптомах.",0,1,0,0,0,INF[1],614513,6,541,637
Да и не помогает оно ничего.,0,1,0,0,0,INF[2],644737,8,349,377
И температуры не стало!,1,0,0,0,0,EF[3],655424,6,332,355
"Не знаю как вам, но в моем случае помог, поэтому пока я ему доверяю.",1,0,0,0,0,EF[2],24065,10,807,875
"Я выпила таблетки намазала, муж в другой аптеке купил ацикловир.",0,0,0,0,0,NEUTRAL,2490571,10,765,829
Сейчас очень много всяких продуктов помогающих поддержать детскую иммунную систему.,0,0,0,0,0,NEUTRAL,2389422,1,0,83
Эффекта я не увидела никакого.,0,1,0,0,0,INF[3],938978,6,301,331
"Даже уснуть не помогает, нужно более сильное средство.",0,1,0,0,0,INF[1],2491250,6,504,558
"Нам не помог, результата не заметила, ребенок как был вредный и капризный, такой и остался.",0,1,0,0,0,INF[1],2660532,1,0,91
"К сожалению, никакого эффекта от этих таблеток я не увидела.",0,1,0,0,0,INF[3],2729929,5,341,401
"Пришлось опять идти в аптеку покупать Називин, помог тут же.",1,0,0,0,0,EF[2],2390747,3,161,221
"Курс приема всего 2 недели, сейчас ребенок послушный, больше стали с ним разговаривать, появилась усидчивость, больше стишков стал запоминать, и в садике стали хвалить.",1,0,0,0,0,EF[2],2660532,4,211,379
"Ребенка я тогда из простуды вытянула буквально за неделю, но списала все на вовремя и грамотно начатое лечение.",1,0,0,0,0,EF[1],2695134,3,112,223
Но факт остается фактом.,0,0,0,0,0,NEUTRAL,588478,10,632,656
Время использования: 2009,0,0,0,0,0,NEUTRAL,2396436,8,725,750
"Мне кажется, что он не эффективен.",0,1,0,0,0,INF[1],591900,7,599,633
"Помню даже в период беременности герпес у меня вылез над губой, и врач разрешил применение данного средства, сказав, что это местное лечение и особо не всосется в кровь и вреда не нанесет ребенку.",0,0,0,0,0,NEUTRAL,2724762,3,231,427
Цена его конечно немного кусается но видя результат можно и потратить такие деньги.,0,0,0,0,0,NEUTRAL,2460790,9,694,777
И более того с обратным действием - вызывает заложенность и удушье.,0,1,0,0,0,INF[1],2461263,5,198,265
Я аж вздрогнула!,0,0,0,0,0,NEUTRAL,624086,6,278,294
Я купил глицисед и принимал его неделю.,0,0,0,0,0,NEUTRAL,579743,3,102,141
"Не тратьте деньги на это неэффективное средство, мое мнение.",0,1,0,0,0,INF[1],2418508,5,105,165
Общее впечатление : Помогает.,1,0,0,0,0,EF[3],643275,18,977,1006
"Так что не особенно помогает, и еще самое неприятное чувство сдавленности в почках как раз таки часа в 4-5 утра попробовала не принимать его все прошло никаких болей сдавленностей в почках.",1,1,0,0,0,EF[1]|INF[2],1071769,3,226,415
"НО вот ректальные свечи ""Виферон"" (а также свечи ""Генферон лайт"") при болезнях помогают справится с инфекцией, если конечно, инфекция вирусная, а не бактериальная.",1,0,0,0,0,EF[1],2686291,4,388,551
"Муж приобрел в аптеке шипучие таблетки Антигриппин NatureProduct, в его состав входит парацетомол, а это первое средство для понижения температуры.",0,0,0,0,0,NEUTRAL,874652,3,85,232
Но должной профилактики Анаферон не оказал.,0,1,0,0,0,INF[2],273783,5,249,292
"Главное не употребляйте ее как средство от похмелья, я пытался но от нее начинается полное бессилия и состояние становиться только хуже и еще дольше отходишь.",0,1,0,0,0,INF[1],2822501,6,538,696
"Не хотелось никуда ходить, краситься и даже одеваться.",0,0,1,0,0,ADR[2],76765,9,453,507
Вот так вот я в нем и разочаровалась.,0,0,0,0,0,NEUTRAL,612803,8,818,855
Общее впечатление : Помогает при вирусных заболеваниях RATING 4 NOTE,0,0,0,0,0,NEUTRAL,934850,8,408,476
и температура была несколько разэ и мы прекратили его пить.,0,0,0,0,0,NEUTRAL,1111461,5,319,378
"Прекрасно успокаивают нервную систему, благоприятно действуют на сердечно сосудистую и нормализовывают желудочно -кишечный тракт .",1,0,0,0,0,EF[1],656242,2,77,207
Несколько успокаивало.,1,0,0,0,0,EF[2],822352,9,624,646
"Одного пакета хватает на 2-3 часа для устранения и облегчения симптомов, облегчает насморк и заложенность носа, уменьшает отек слизистой оболочки.",1,0,0,0,0,EF[1],2410173,6,410,556
Принимала изопринозин по назначению гинеколога от вируса папиломы.,0,0,0,0,0,NEUTRAL,2015980,1,0,66
Вывод: при профилактике бесполезен вообще.,0,1,0,0,0,INF[1],2497493,8,575,617
Это средство эффективное и пока не подводило.,1,0,0,0,0,EF[1],2402827,7,401,446
"После приема действительно становилось легче, и горло меньше болело и нос не так закладывало.",1,0,0,0,0,EF[1],246591,5,334,427
"Препарат Анаферон нужно давать как можно раньше, когда ребенок только начал болеть.",0,0,0,0,0,NEUTRAL,2533836,4,274,357
Общее впечатление : Мне не помогает.Не нравится.,0,1,0,0,0,INF[3],902248,17,792,840
"Выпила вторую таблетку, как прописано через сутки-На меня сразу напали все болезни мира-Глаза изнутри выдавливало, кашель сорвал всё горло, я себя буквально по частям отрывала от дивана, что бы подняться, лицо отекло, слабость ужасная.",0,1,0,0,0,INF[1],828556,4,263,498
"Долгое время я для своей дочки покупала мазь Виферон, она немного сильнее геля, но из-за того, что в последнее время в аптеках ее не найти, мы перешли на гель.",0,0,0,0,0,NEUTRAL,610650,2,121,280
"И тогда врач нам выписал сумомед, мы его пропили, но ребенок болел, пошли снова к врачу.",0,1,0,0,0,INF[1],793853,3,334,422
Все зависит от иммунитета.,0,0,0,0,0,NEUTRAL,2723162,9,369,395
Не помогали ни бензодиазепины ни сонапакс ни галоперидол ни трифтазин.,0,1,0,0,0,INF[2],2702457,4,131,201
"На самом деле, то он эффективен, но что же там такое в составе, что так быстро проходит болезнь, явно не волшебное составляющее(.",1,0,0,0,0,EF[3],656346,3,117,246
Общее впечатление : И лечились и профилактика фигня!,0,1,0,0,0,INF[2],905423,7,725,777
"Как я заметила, после приема снотворного можно быстро заснуть.",1,0,0,0,0,EF[2],2661222,3,229,291
"Мне очень помогли и я хочу, чтобы они и вам принесли пользу!",1,0,0,0,0,EF[2],655424,11,602,662
"где-то, уже точно не помню даже, но помогает хорошо.",1,0,0,0,0,EF[1],2551970,4,265,317
"Валерьянка противопоказана той категории людей, которые страдают депрессией и другими умственными расстройствами.",0,0,0,0,0,NEUTRAL,2551970,6,529,642
Желаю всем доброго здоровья и чтобы вы как можно реже пользовались своей аптечкой!,0,0,0,0,0,NEUTRAL,2513399,12,807,889
После его приема у меня возникало желание поскорее лечь под теплое одеяло и уснуть.,0,0,0,0,0,NEUTRAL,1031967,5,215,298
"К сожалению полностью избавиться от нее невозможно, поэтому борюсь как могу.",0,0,0,0,0,NEUTRAL,2537356,2,66,142
"Я намазываю на проблемный участок раза 3 - 4 в день, крем довольно быстро убирает красноту и обеспечивает противовирусный эффект.",1,0,0,0,0,EF[2],942403,7,543,672
"Так что для людей подверженных стрессам, я думаю эти таблетки то, что надо.",0,0,0,0,0,NEUTRAL,1049528,7,602,677
"Сильный насморк у малышки прекратился за 2 дня, я в шоке.",1,0,0,0,0,EF[2],2509783,3,195,252
Спустя 3 месяца после родов решила сходить к врачу просто провериться и как оказалось пришла не зря.,0,0,0,0,0,NEUTRAL,880567,1,0,100
"Пользы нет, зато для щитовидки вред!",0,1,0,0,0,INF[2],1484511,8,872,908
Общее впечатление : отвратительный RATING 1 NOTE,0,0,0,0,0,NEUTRAL,807762,2,126,174
"А мне с герпесом не помог никак(постоянно высыпает на руке), как были высыпания так и есть, даже во время приема появлялись.",0,1,0,0,0,INF[1],656118,9,632,756
Хорошо так же пить на ночь - нормализует сон.,1,0,0,0,0,EF[5],264987,10,763,808
Закапывала своим деткам.,0,0,0,0,0,NEUTRAL,250977,9,532,556
"С этими таблетками знакома не понаслышке, ,моя родственница болеет психическим заболеванием, может по 3 дня не спать и по ночам ходить., перепробовав много снотворных помогло это., донормил не помогает при психическом расстройстве.",0,1,0,0,0,INF[1],818785,1,0,231
"3 дня и бляшка, которая обычно к этому моменту уже с половину губы, почти засохла.",1,0,0,0,0,EF[1],2501540,6,277,359
Перечитав кучу информации об экстренных мерах при укусе клеща нашла в рекомендациях к применению Анаферон.,0,0,0,0,0,NEUTRAL,2547762,6,356,462
"Валерьянка на меня давно не действует, а что-нибудь ""потяжелее"" я не хочу принимать.",0,1,0,0,0,INF[2],832096,3,201,285
"Быстро избавиться от заболевания у меня не получается, дошло до того, что, харкая, как верблюд, еще чуть-чуть, и выплюну легкие в раковину, извините за сравнение.",0,0,0,1,0,DI[1],899066,2,56,218
К тому же еще и иммунитет повышают.,1,0,0,0,0,EF[1],883078,5,190,225
"Я попробовала ксимелин эко и на себе, действительно спрей оказывает очень мягкое воздействие, при этом борется с насморком.",1,0,0,0,0,EF[1],2430254,7,485,608
Оно еще больше стало раздраженным.,0,1,0,0,0,INF[6],2733509,11,602,636
"После принятия первой таблетки, мне показалось что какой то эффект есть, (наверное, сработало самовнушение), проснувшись на второй день поняла что мне стало еще хуже и болезнь продолжает набирать обороты.",0,1,0,0,0,INF[1],806166,6,449,653
Но ребенок заболевал не зависимо от того принимали мы Анаферон или нет.,0,1,0,0,0,INF[3],273783,7,389,460
Покупала препарат ребёнку по рекомендации врача.,0,0,0,0,0,NEUTRAL,2414358,1,0,48
"Свое прямое назначение он выполнил, сопелки у дочки к вечеру практически прошли.",1,0,0,0,0,EF[1],2421166,4,155,235
"Запасаюсь и таблетками, у меня уже есть хорошее средство от гриппа и ОРВИ, проверенное с прошлого года.",1,0,0,0,0,EF[2],822369,3,170,273
"После 3-го укола сын начал проявлять интерес к повторению звуков, новые звуки появлялись, старые мог повторять по несколько раз, слов как таковых новых не произносил.",1,0,0,0,0,EF[1],2424557,4,216,382
"Пропила курс таблеток, выпила всю пачку и эффекта ноль.",0,1,0,0,0,INF[2],2423783,7,476,531
"А в остальном очень удобная штука, которая действительно помогает.",1,0,0,0,0,EF[2],893239,18,753,819
"Эффект от таблеток появился уже через неделю, пропала раздрожительность, плаксивость, стала ко всему относится спокойней.",1,0,0,0,0,EF[1],2538754,4,193,314
"""Генферон лайт"" из холодильника не выводится, хотя его положительного действия я тоже не вижу.",0,1,0,0,0,INF[2],824781,3,50,144
"Новерное ""долечилась"".",0,0,0,0,0,NEUTRAL,805646,9,527,549
Я с детства состою на учете у психиатра.,0,0,0,0,0,NEUTRAL,2702457,1,0,40
При соблюдении схемы приема действительно помогает.,1,0,0,0,0,EF[1],814053,3,166,217
"В некоторых случаях может болеть желудок, но если его пить лошадиными дозами.",0,0,0,0,0,NEUTRAL,2445498,15,854,931
"Правда эффект от неё наступает медленно, но очень стабильно.",0,0,0,0,0,NEUTRAL,2665872,7,587,647
"Но это если слабая простуда, с насморком и горло немножко болит... А вот если сильно простудились, грипп с переходом в сильный бронхит то флюколд очень слабенький... Единственное что он может, это снять температуру, да и то не всегда.",1,0,0,0,0,EF[2],2395998,2,57,291
"Так вот, после того, как одна свечка была использована, я почувствовала общее недомогание, еще хуже, чем было.",0,1,0,0,0,INF[1],2438387,6,312,422
"Но тут звонит мне сестра, мать троих маленьких детей.",0,0,0,0,0,NEUTRAL,884467,3,117,170
"Начали его применять в пятницу и сразу спала температура, на следующий день улучшилось состояние ребёнка, НО в воскресенье утром после очередного введения препарата пошла сыпь.",1,0,0,0,0,EF[1],2550809,2,54,230
"В аптеках во всех продается, очень мазь популярная, цена доступная, ну и эффект, два-три дня и боль от герпеса уходит, а потом и он сам подсыхает и исчезает с лица.",1,0,0,0,0,EF[1],2724762,4,428,592
Я всегда быстро разжевываю пару таблеток глицина и мне становится спокойнее.,1,0,0,0,0,EF[5],2445498,9,559,635
"В день собеседования я всё же ощущала мандраж, но сумела справится с дрожью в голосе и внешне выглядела достаточно уверенно.",1,0,0,0,0,EF[2],2670555,10,654,778
"Если вам нужно быстрое выздоровление, то этот препарат поможет вам бытро и эффективно!",1,0,0,0,0,EF[1],587207,6,326,412
"По результату они мне помогли быть поспокойнее, хорошо засыпать.",1,0,0,0,0,EF[1],2738039,12,560,624
Так что мне эта настойка не помогла.,0,1,0,0,0,INF[1],2443740,9,608,644
"Незаменимый препарат, когда болеть некогда, необходимо идти на работу, если у тебя нет права на больничный.",1,0,0,0,0,EF[1],656346,5,382,489
Этим средством температуру ребенку я сбить не смогла.,0,1,0,0,0,INF[1],2550136,8,489,542
Помогло.,1,0,0,0,0,EF[1],613806,5,344,352
"Нашла решение в донормиле, выпиваешь - засыпаешь!",1,0,0,0,0,EF[1],108315,4,220,269
"И, если честно, мне не помогло.",0,1,0,0,0,INF[1],2445928,7,390,421
"Результат - по речи у нас ни каких сдвигов так и не произошло, а вот моргать глазками малой перестал.",1,1,0,0,0,INF[3]|EF[1],2414724,3,278,379
знаю препарат Лавомакс давно.,0,0,0,0,0,NEUTRAL,2553831,1,0,29
"Стоит недешево, а эффекта - ноль.",0,1,0,0,0,INF[2],815444,13,744,777
"Температура правда спала, но после приема третей таблетки начал закашливаться аш до рвоты, мондраш волнами, давление 130(хотя с давлением вообще проблем не было), жуткая головная боль.",1,0,0,0,0,EF[1],1325273,2,44,228
Это универсальные свечи.,0,0,0,0,0,NEUTRAL,882854,15,520,544
Постоянные внутренние переживания и чувство тревоги действительно очень сильно осложняли мне жизнь.,0,0,0,0,0,NEUTRAL,792635,1,0,99
Глаза теперь меньше устают.,1,0,0,0,0,EF[2],2436921,6,346,373
Горло у ребенка через несколько дней пришло в норму.,1,0,0,0,0,EF[4],643275,9,462,514
Это довольно увесистый бутыль объёмом 100 мл.,0,0,0,0,0,NEUTRAL,2465822,4,212,257
Идти больницу времени на это не было.,0,0,0,0,0,NEUTRAL,2538754,2,74,111
"В первые дни приема не замечала никаких изменений, результатов.",0,1,0,0,0,INF[1],2424525,3,291,354
Давненько не болели серьёзно с температурой.,1,0,0,0,0,EF[1],2436411,4,211,255
"После первой недели сразу заметила, он стал более внимательным, начал отвечать на вопросы как ""разговаривают животные"", до этого, добиться от него хоть слова было очень трудно, только если хорошее настроение.",1,0,0,0,0,EF[1],2407197,3,159,367
Общее впечатление : Часа 4 нормального сна,0,0,0,0,0,NEUTRAL,1071769,4,416,458
Из огня так в полымя.,0,0,0,0,0,NEUTRAL,594103,5,106,127
"В состав входит римантадин-иммуномодулятор, что помогает по сравнению с остальными порошками от простуды на много эффективнее.",1,0,0,0,0,EF[2],587207,3,97,223
Уже после первой таблетки зуб прошел.,1,0,0,0,0,EF[1],1086939,11,714,751
Прекрасное эффективное средство.,1,0,0,0,0,EF[3],2663253,10,340,372
Пока что помогает.,1,0,0,0,0,EF[1],2451820,8,464,482
"Лечение было комплексным: иглоукалывание, массаж, Мой отзыв о нейромультивит Упаковка имеет дополнительную защиту с голограммой Таблетки овальной формы не совсем крупные Моему ребенку назначен для восстановления кровообращения (что бы конечности не были холодными) Препарат просто очень дорогостоящий на сегодня нужно было пропить курс три упаковки, пропили уже две, но пока особого эффекта не заметили.",0,1,0,0,0,INF[2],2543301,3,310,713
стало только хуже.,0,0,0,0,0,NEUTRAL,2491980,6,156,174
"Результат тоже был как и от ацикловира, чего-то сверхъестественного не заметила, герпес длился, как обычно, четыре дня, потом попустило.",1,1,0,0,0,EF[2]|INF[1],2493805,6,548,684
"Она нам прописала лекарственное средство Пантогам, сказала просто пропить для лучшей мозговой деятельности.",0,0,0,1,0,DI[1],1105026,2,34,141
очередная бессонная ночь.,0,1,0,0,0,INF[1],929986,12,535,560
"Примерно через 2 недели после курса лечения стал пытаться разговаривать, но все равно именно говорить у малыша не получается, больше мычит.",1,0,0,0,0,EF[3],609740,3,166,305
Вот и я решила в очередной раз попробовать крем для наружного применения Фенистил Пенцивир.,0,0,0,0,0,NEUTRAL,2493805,3,240,331
Действующее вещество в нём ксилометазолина гидрохлорид.,0,0,0,0,0,NEUTRAL,2430254,2,46,101
Общее впечатление : Хорошее средство для нормализации нервишек.,1,0,0,0,0,EF[3],832096,13,814,877
Иммунитет поднимает хорошо.,1,0,0,0,0,EF[2],953794,6,407,434
Отличное средство при борьбе с герпесом.,1,0,0,0,0,EF[1],832817,11,895,935
Пьешь -эффекта никакого нет вообще.,0,1,0,0,0,INF[1],2519044,5,446,481
"Решилась выпить амексин, тк осталась одна в другом городе с 3х летней дочерью, муж уехал в командировку и некому было помоч.",0,0,0,0,0,NEUTRAL,901487,3,164,288
"Общее впечатление : Дорого, ребенку больно - эффекта ноль!",0,1,0,0,0,INF[2],886355,13,768,826
Перехожу на ацитилку.,0,0,0,0,0,NEUTRAL,2696309,4,122,143
RATING 2 NOTE,0,0,0,0,0,NEUTRAL,886355,14,827,840
"Хотя ребенок перестал жаловаться на то, что иногда сводит ногу.",1,0,0,0,0,EF[1],2543301,5,813,876
Иногда казалось что вирусы привыкли к лекарству и попросту на него не реагируют.,0,1,0,0,0,INF[2],2457636,6,496,576
Новый друг хуже старых полюбому!,0,0,0,0,0,NEUTRAL,2439190,2,95,127
"В общем это хорошее средство от герпеса, но его нужно принимать курсом.",1,0,0,0,0,EF[2],609507,22,926,997
"Поняла что эффект от таблеток ноль и принимать дальше их не стала, перешла на привычное средство, которое еще ни разу меня не подводило, а стоит в пять раз дешевле.",0,1,0,0,0,INF[2],806166,8,705,869
Я оценила лечебные свойства этого препарата.,0,0,0,0,0,NEUTRAL,643275,8,417,461
"Принимать его надо как написано в инструкции, а не устраивать самодеятельность.",0,0,0,0,0,NEUTRAL,635587,5,260,339
Фактически вместо успокоения я получил усиление стресса.,0,0,0,0,0,NEUTRAL,2653333,6,560,616
Так что советую немного сэкономить и сделать своему ребенку эту прививку - не пожалеете.,0,0,0,0,0,NEUTRAL,2453106,5,619,707
"горло стало проходить, но через два дня лицо сына покрылось сыпью, а позже коркой.",1,0,0,0,0,EF[1],826379,7,252,334
Пропив одну коробку(10 флаконов) мы перестали болеть и ребёнок отходил в сад два месяца.,1,0,0,0,0,EF[1],885404,7,412,500
"Единственное преимущество - это приемлемая цена, по сравнению с другими снотворными препаратами "" Сондокс"" очень дешевый, но качество не очень уж.",0,0,0,0,0,NEUTRAL,2671902,4,294,440
"Получив его ""по наследству"" и имея свои проблемы со сном и нервами, пропив остаток, сказала бы, что он мне помог снять нервное напряжение, немного успокоится.",1,0,0,0,0,EF[1],2439706,8,521,679
"Но нельзя, пока все инфекции не вылечить.",0,0,0,0,1,Other[2],882854,3,70,111
"Стало не то, что лучше и спокойней, а наоборот все бесило.",0,1,0,0,0,INF[1],76765,5,264,322
"Теперь я думаю, что препарат Кагоцел лишь только маленько поддержал мой организм, но с болезнью не справился.",0,0,0,0,0,NEUTRAL,2673128,9,710,819
А так препарат очень хороший и что немаловажно не очень дорогой.,1,0,0,0,0,EF[5],609507,17,725,789
"Жене помогло, воспаление было связано с гинекологией.",1,0,0,0,0,EF[2],591673,2,195,248
"Подумать только - абсолютно неэффективный препарат (основанный исключительно на эффекте плацебо и на том, что вирусные инфекции дыхательных путей проходят сами по себе, с течением времени - а больные связывают это с действием амизона) стал самым продаваемым на территории Российской Федерации за 2014 и 2013 года!",0,1,0,0,0,INF[1],2421119,5,441,754
"Может в других ситуациях лекарство работает, но мне не помогло и советовать его я никому не могу.",0,1,0,0,0,INF[1],2733948,10,819,916
"Сразу же отмечу, что цена этой чудо- мази около 300 рублей, в отличии от привычного мне ацикловира, который стоит чуть ли не в 10 раз дешевле.",0,0,0,0,0,NEUTRAL,2523468,2,238,380
"Вот сколько не пробовала пить на ночь таблетки валерианы, всегда на утро результат один и тот же тяжелая как после похмелья голова и уже к обеду хорошая мигрень.",0,0,0,0,0,NEUTRAL,87095,1,0,161
"Эх, беда-беда.",0,0,0,0,0,NEUTRAL,2519044,9,693,707
На нем есть вся аннотация.,0,0,0,0,0,NEUTRAL,2489974,4,164,190
"Я начинала с 15 капель, а потом пришлось пить уже 20 и больше... Мне такой эффект совсем не по душе.",0,0,0,0,0,NEUTRAL,2399213,9,712,812
"ребенок стал лучше намного разговаривать, повторять все что слышит.",1,0,0,0,0,EF[2],1111461,3,80,147
"В нашем случае Амизончик, не только не помог как противовирусное средство, но и подпортил ЖКТ.",0,1,0,0,0,INF[1],2633533,6,639,733
"Уже после недели, может чуть больше, я почувствовала явные улучшения в самочувствии.",1,0,0,0,0,EF[1],655424,5,247,331
"Детишкам моим нравится когда промываем, а мне нравится что они не пытаются сбежать от этой процедуры.",0,0,0,0,0,NEUTRAL,794482,9,683,784
"Тем самым болезнь проходит легче и быстрее, главное не проморгать тот момент первых симптом заболевания.",1,0,0,0,0,EF[1],950351,4,234,338
"Пропили курс, но пока никакого результата не увидела, сопли и кашель как были, так и есть.",0,1,0,0,0,INF[2],2501951,3,242,332
"Может быть его надо периодически употреблять, не знаю, но это наводит на мысль о его бесполезности.",0,0,0,0,0,NEUTRAL,2501951,4,333,432
Нам не помогал.,0,1,0,0,0,INF[2],2418508,3,39,54
Вообще никакого улучшения.,0,1,0,0,0,INF[1],2439190,3,128,154
"Делаем профилактику в течении трех лет всей семьей, но в последнее время он не помогает.",0,1,0,0,0,INF[1],2553831,2,30,118
"Однажды очень хороший врач, к которой мы обращаемся в экстренных случаях, посоветовала купить ИРС 19 и пшикать дочке перед садиком и вечером в течении 2 недель.",0,0,0,0,0,NEUTRAL,1730783,1,0,160
Вот и решилась на покупку этого недешевого препарата.,0,0,0,0,0,NEUTRAL,806166,3,158,211
Нам он помогает.,1,0,0,0,0,EF[1],2718592,14,989,1005
"На вкус приятный, правда чувствуеся что туда добавлена лимонная кислота, хотя вкус должен быть черной смородины.",0,0,0,0,0,NEUTRAL,811884,5,408,520
"Настроился режим сна, стала легче засыпать.",1,0,0,0,0,EF[2],940903,4,351,394
Какого же было мое удивление когда в анализах вирус снова был обнаружен!,0,1,0,0,0,INF[2],2733948,8,519,591
"Приём детям назначают, лишь с года.",0,0,0,0,0,NEUTRAL,603416,3,200,235
"После курса уколов сдвигов не наблюдалось, да и желание разговаривать опять куда-то пропало.",0,1,0,0,0,INF[2],2424557,6,474,566
"Пил день, пил два… Толку по нолям, только ОРВИ мой без лечения превратился в серьезную проблему, температура всползла вверх, а сопли забили нос, как сажа – нечищеный дымоход.",0,1,0,0,0,INF[1],2385506,5,255,429
Например тот же Амизон или Ацц.,0,0,0,0,0,NEUTRAL,2395998,6,580,611
"Часто назначали препарат во время заболевания, необходимо было следовать только схеме, но она тоже не срабатывала.",0,0,0,0,0,NEUTRAL,273783,8,461,575
"Рекомендую эти свечи, только желательно проходить курс полностью, т. е. использовать все 10 штук-это всего 5 дней.",1,0,0,0,0,EF[1],2509783,6,384,498
"На утро, ребёнок проснулся весь горячий, кричал, температура была 38.",0,0,0,0,0,NEUTRAL,1263039,3,189,258
Общее впечатление : при сильной боли не будет эффективно RATING 4 NOTE,0,0,0,0,0,NEUTRAL,824400,5,607,677
Не значительно снять чувство тревоги.,1,0,0,0,0,EF[2],2738039,13,625,662
"Однако, ни профилактического, ни лечебного эффекта я совершенно не заметила.",0,1,0,0,0,INF[1],1484511,2,195,271
"Инфлюцид это гомеопатический препарат, который содержит шесть активных компонентов.",0,0,0,0,0,NEUTRAL,646265,3,183,266
"Просто если ее употреблять в дневное время суток, как я сначала признаться и делал то накатывает сонливость и при накопительном эффекте окутывает слабость и апатия.",0,0,0,0,0,NEUTRAL,2822501,4,276,440
"Итог ужасный: переболели всеми видами ОРВИ, но самое страшное за полгода два раза обструктивным бронхитом и теперь нам почти подтвердили бронхиальную астму.",0,1,0,0,0,INF[1],2500038,3,156,312
Данный препарат меня очень спасает.,1,0,0,0,0,EF[1],2705356,9,564,599
"у маленкий ребенок, 1 год, простыли кашель сопли рекой, температура 38,5 ну и сразу вызвали детского педиатора на дом, нам прописал и свечи Генферон лайт.",0,0,0,0,0,NEUTRAL,2688660,2,14,168
"Заметила, что дети стали меньше болеть, а если всё таки заболевают болезнь протекает легче и порою ограничевается только насморком.",1,0,0,0,0,EF[2],2436411,3,79,210
"Лучше уж использовать проверенные народные средства: мед, шиповник, малина, ... Может это индивидуально, но нам сироп не подошел, больше брать не будем и не рекомендую.",0,1,0,0,0,INF[1],2389422,9,601,769
Всего чего я добилась от этого препарата принимаего 3 дня - это нормализовалась температура и естественно прошёл озноб.,1,0,0,0,0,EF[1],886201,9,549,668
"Вот тебе и разница, дороже не значит лучше.",0,0,0,0,0,NEUTRAL,2390747,5,270,313
Принимаю и отдельно при скачках давления.,0,0,0,0,0,NEUTRAL,818395,2,77,118
"Да сейчас засыпаю с него быстро и хорошо, но сплю 4-5 часов крепко потом начинаю так же просыпаться, как и раньше в 4-5 утра подъем и уговариваю себя поспать еще пару часиков.",1,1,0,0,0,EF[3]|INF[4],1071769,2,50,225
"Купила я ""Тенотен детский"" в аптеке, так как повелась на рекламу (как и все люди).",0,0,0,0,0,NEUTRAL,2403676,1,0,82
"Поэтому я решил попробовать Противовирусное средство ""Арбидол Максимум"" Принимать нужно по 2 капсулы два раза в день ( утром и вечером).",0,0,0,0,0,NEUTRAL,2510045,7,337,473
Время использования: 1 раз,0,0,0,0,0,NEUTRAL,2516885,12,842,868
Общее впечатление : При первых признаках простуды -эффективен.,1,0,0,0,0,EF[1],656261,8,802,864
"Поэтому на данный момент, от этих таблеток я решила отказаться, хотя знаю людей которым они очень помогают успокиться и быстро заснуть, среди таких людей и моя родная тетя, она эти таблетки принимает на ночь по три-четыре штуки за один раз и на утро свеженькая и бодрая как огурчик, я же выпиваю одну и следующий день хожу как варенная, наверное этот препарат мне просто не подходит.",1,0,0,0,0,EF[1],87095,2,162,545
""", даже посмеивались что ребенок ""под шафэ"", но конечно же препарат активно детям назначают и беспокоиться о каплях спирта не стоит.",0,0,0,0,0,NEUTRAL,894083,5,483,615
"Тогда она мне начала буквально впихивать этот фенистил ссылаясь на то, что ацикловир менее дейстенный и сейчас большим спросом пользуется фенистил так как хорошо помогает.",1,0,0,0,0,EF[1],2490571,6,292,463
"После приема первые два чача легче, но потом все симптомы возвращаются.",1,1,0,0,0,EF[1]|INF[2],2447728,2,49,120
Начал помогать быстро.,1,0,0,0,0,EF[1],594103,1,0,22
"Хоть нам и не помог Энцефабол по речи я его все же рекомендую, так как казалось бы при одном диагнозе ЗРР деткам могут помочь совсем разные лекарства кому-то одни, а кому-то другие.",0,1,0,0,0,INF[2],2414724,4,380,561
"Если пью 1 таблетку, то через некоторое время все равно просыпаюсь, то есть эффект не длительный.",1,1,0,0,0,EF[1]|INF[2],2671902,2,55,152
"Но продавав их 3 дня, сегодня 4 день ребёнок проснулся с температурой и соплями.",0,0,0,0,0,NEUTRAL,2497493,7,494,574
"Скажу сразу, особого эффекта я не почувствовала.",0,1,0,0,0,INF[2],955050,9,479,527
"Рекомендовать его не стану, так как нам он не помогает и покупать его тоже не буду, скорее всего будем пробовать что-то другое!",0,1,0,0,0,INF[1],2501951,6,506,633
Но эффекта было ноль.,0,1,0,0,0,INF[2],902248,4,156,177
"Не советую этот препарат, стоит не дешево, а эффекта ноль.",0,1,0,0,0,INF[2],614513,7,638,696
"Не вызывают агрессивных побочных эффектов и аллергических реакций, по крайней мере я не обнаруживала и даже не слышала ни от кого о подобных явлениях.",0,0,0,0,0,NEUTRAL,656242,3,208,358
Будьте здоровы!,0,0,0,0,0,NEUTRAL,616736,7,786,801
К тому же приятно радует цена и доступность этого лекарства.,0,0,0,0,0,NEUTRAL,893416,6,331,391
"В последнее время, семейные врачи предлагают своим пациентам отдавать предпочтение дешевым аналогам импортных препаратов отечественного производства.",0,0,0,0,0,NEUTRAL,873342,2,75,224
"Первые три дня всё было хорошо, почти исчезло головокружение и давление было в норме.",1,0,0,0,0,EF[1],2551330,5,325,410
"Красивая упаковка, тубус, все удобно открывать, крем довольно приятный, но вот результата от него нет.",0,1,0,0,0,INF[2],588785,4,461,563
"И вы знаете, помогло.",1,0,0,0,0,EF[2],1740396,3,192,213
Не стоит забывать про индивидуальную непереносимость!,0,0,0,0,0,NEUTRAL,2855204,9,684,737
"Потом появилась видимо привыкание организма к препарату, я стала все хуже и хуже засыпать.",1,1,0,0,0,INF[1]|EF[2],594839,3,596,686
"Тогда да, мазь поможет не заболеть, не пропустит инфекцию через нос.",1,0,0,0,0,EF[1],2452343,13,780,848
"Итог - температура спала через 2 дня, кашля и соплей не было.",1,0,0,0,0,EF[3],2407176,10,424,485
"Порошковый препарат, который эффективен при первых же симптомах простуды.",0,0,0,0,0,NEUTRAL,656346,1,0,73
"Не развернутыми предложениями, конечно, но с каждым днем все лучше и лучше.",1,0,0,0,0,EF[2],910944,7,370,445
Ей было три месяца и у нас нашли кисты в мозгу.,0,0,0,0,0,NEUTRAL,886333,2,40,87
Здраствуйте!,0,0,0,0,0,NEUTRAL,2451820,1,0,12
И лишь только азалептин-хорошо справляется с бессонницей но имеет побочных меньше чем аминазин.,1,0,0,0,0,EF[1],2702457,6,253,348
Так как это средство облегчает первые признаки боли в горле.,1,0,0,0,0,EF[1],2465822,2,134,194
"Этот спрей нам иногда помогает, когда уже насморк запущен настолько, что уже ничего не помогает.",1,0,0,0,0,EF[2],2402827,2,48,144
"Начала его принимать совершенно здоровой, через 1,5 недели после приема заболела.",0,1,0,0,0,INF[1],592814,5,270,351
А так очень даже эффективное средство.,1,0,0,0,0,EF[2],2685800,6,256,294
Сильных ОРВИ не было (прошло 2 мес.,0,0,0,0,0,NEUTRAL,652119,7,241,276
"В составе препарата - мята и валериана, т. е. это не снотворное в привычном нашем понимании, но этот препарат позволяет нашей нервной системе снять напряжение и расслабиться, в результате обеспечивается спокойный сон.",1,0,0,0,0,EF[1],2662915,4,257,474
"Пью его 2-3 раза в день, после еды, и уже буквально после трех дней я выздоравливаю, поэтому лично мне он помогает.",1,0,0,0,0,EF[2],950351,6,447,562
Этот противовирусный препарат очень уменьшает вероятность заболевания моих детей.,1,0,0,0,0,EF[2],641480,11,557,638
Сердечко стало меньше колоть и уснула быстро.,1,0,0,0,0,EF[1],2399213,5,420,465
"Так вот, я продавала 2 курса ""Ликопида"" в июле месяце и мой ребенок не болел всю осень и зиму.",1,0,0,0,0,EF[1],255563,9,689,783
"Доброго всем времени суток) На носу зима, а с ней и эпидемия гриппа, и нужно уже сейчас определяться с профилактикой, а возможно, и с его лечением.",0,0,0,0,0,NEUTRAL,2445928,1,0,147
"Потом попробовали его намазать летом - покусали комарики, да еще и расчесали - не помог тоже.",0,1,0,0,0,INF[4],591900,4,292,385
Простыла наша крошка-мы бегом в аптеку.,0,0,0,0,0,NEUTRAL,641485,3,135,174
Помог на 120%!,1,0,0,0,0,EF[2],1410682,6,400,414
И болезнь начала отступать.,1,0,0,0,0,EF[2],793853,8,716,743
"Первый раз эффекта не было - состояние улучшилось после приема ""Флемоксина"".",1,1,0,0,0,INF[1]|EF[2],2407176,7,271,347
"( Вечером выпила но-шпа как все прошло, пью два дня у меня не кружится голова и не болит)))если бы не но-шпа я не знаю что было со мной!",1,0,0,0,0,EF[1],800450,5,221,357
"Таблетки горькие, давала из в измельченном виде с водой.",0,0,0,0,0,NEUTRAL,2407176,6,214,270
Хороший препарат быстро сбивает температуру.,1,0,0,0,0,EF[1],2503806,3,114,158
"Но все же, даже не смотря на то, что мы не закончили курс лечения (8 недель), хочу отметить, что изменения к лучшему произошли, это точно.",1,0,0,0,0,EF[2],2407197,5,549,687
"Вычитав много литературы о волшебном свойстве Эхинацеи пурпурной -я купила ее в виде чая, теперь пью... эффекта тоже не вижу -но хоть знаю что и вреда не будет и дочка напиток оценила.",0,1,0,0,0,INF[2],2541923,12,735,919
"Я не страдаю бессонницей, но нужно было уснуть пораньше, чтобы рано встать.",0,0,0,0,0,NEUTRAL,151880,4,135,210
"Могу сказать, что насморк с этим гелем проходит очень быстро, проверено мною лично.",1,0,0,0,0,EF[1],610650,5,482,565
"Иммунофлазид один из немногих препаратов, который облегчает протекание ОРВИ.",1,0,0,0,0,EF[1],656340,2,232,308
"Легкую простуду заглушает сразу и на корню, но с более тяжелыми формами один Лемсип не справляется.",1,0,0,0,0,EF[1],2379731,4,410,509
RATING 2 NOTE,0,0,0,0,0,NEUTRAL,653736,8,1081,1094
"Да и по эффекту - с одного приёма начал ""срубать"" меня в сон через 10 минут!",1,0,0,0,0,EF[1],2855204,7,544,620
"Но слишком много употреблять данные таблетки не стоит, отрицательно скажется на желудке.",0,0,0,0,0,NEUTRAL,2732826,8,462,550
"Что ж, врачам, наверно, стоит верить, в особенности докторам наук ) Но, ситуация отечности носа усугублялась и чувствовала себя мелким гнусавым слоненком.",0,1,0,0,0,INF[1],3188437,6,494,648
"Мозг просто рвался от одновременно решаемых вопросов, требовалась особенная внимательность, чтобы ничего не забыть, в нужное время всем позвонить, нужное сказать, сделать... Препарат действительно хорош.",1,0,0,0,0,EF[1],811769,6,589,792
"Лично у меня он сбивает температуру, убирает ломоту в костях, облегчает боль в горле, и снимает немного насморк.",1,0,0,0,0,EF[3],635587,4,147,259
"Но температура не спадала, сделали укол, стало лучше.",1,0,0,0,0,EF[1],1263039,6,467,520
"Но через час после приема почувствовала значительное улучшение состояние здоровья (прошел озноб и жар, усталость).",1,0,0,0,0,EF[1],2420568,5,204,318
"Мазь продаеться в любой аптеки цена не высокая где-то 35 грн, на сегодняшний день это не много.",0,0,0,0,0,NEUTRAL,2450361,2,56,151
"Я скажу, что результат есть, если принимать четко по схеме, а именно до еды.",1,0,0,0,0,EF[1],822720,3,192,268
"Состав, вкус, цвет, запах, даже спиртовая основа, все совершенно идентично.",0,0,0,0,0,NEUTRAL,822720,6,581,656
"Очень помогает когда бывает повышенный пульс от волнения или от реакции на другие факторы, которые могут вызвать тахикардию.",1,0,0,0,0,EF[1],907319,2,96,220
"Уже через неделю перестал тянуть живот, а при окончании лечения (12 дней) от воспаления и следа не осталось))) Очень хорошее и эффективное средство местного действия.",1,0,0,0,0,EF[1],880567,6,824,990
Но на 8 день онемели пальцы а сейчас начали мерзнуть пальцы и не проходит.,0,0,0,0,0,NEUTRAL,3004353,2,47,121
"Поле зрения расширилось – боковым зрением стал лучше видеть, четкость возвращается.",1,0,0,0,0,EF[1],2436921,4,177,260
Пользовалась мазью четыре-пять дней.,0,0,0,0,0,NEUTRAL,835072,12,422,458
"Еще он мне хорошо помогала при спазмах в кишечнике и желудке, вызывая при этом здоровый аппетит.",1,0,0,0,0,EF[3],2822501,5,441,537
"Также хорошо что в этой серии есть ""тенотен детский"" очень хорошо помогает если ваш ребенок гиперактивный.",1,0,0,0,0,EF[2],1049528,5,430,536
"От постоянного использования капель эффекта никакого-привыкаешь и результата нет, и тем более слизистая оболочка страдает.",0,1,1,0,0,INF[1]|ADR[2],913153,2,84,206
"Пришла выпила один пакетик, не помог.",0,1,0,0,0,INF[1],2522012,4,69,106
"Через три часа смогла немного дышать носом, разговаривать с домашними ""не рыдая"" и не чихая каждую минуту.",1,0,0,0,0,EF[2],913556,7,261,367
"Стал пытаться повторять некоторые слова, подражания животным.",1,0,0,0,0,EF[2],609740,6,469,530
"Фармацевт посоветовала спрей Гриппферон, уверяла что очень эффективное средство способствует профилактике и лечению гриппа и ОРВИ.",1,0,0,0,0,EF[1],2410110,9,444,574
"После курса лечения ребенок стал более любознательным, но не уверенна, что именно от кортексина.",1,0,0,0,0,EF[1],609740,5,372,468
Последний раз покупала за 35 грн.,0,0,0,0,0,NEUTRAL,2705356,4,309,342
"Пью уже 2 месяц постоянно, за это время не было даже намека на герпес или простуду.",1,0,0,0,0,EF[3],2653511,8,707,790
"Тогда я решила принимать эти капельки, которые мне очень помогли.",1,0,0,0,0,EF[2],2438938,7,482,547
Наш малыш начал говорить по два три слова в предложении.,1,0,0,0,0,EF[1],2460790,7,592,648
Для профилактики и лечения гриппа выберите более надёжный препарат.,0,0,0,0,0,NEUTRAL,1484511,6,773,840
"Я этот препарат в основном принимал на вечер, так как от Барбовала идёт спецефичесский запах, за рулём употребляя данный препарат ездить нельзя, у меня нарушались функции движения и координации, такое впечатление, что я был пьяный, а в таком состояние страшновато садиться за руль автомобиля.",0,0,0,0,0,NEUTRAL,880939,2,201,493
"Я сразу заметила, что с препарат мне не подходит - появилась сильная отечность и заложенность носа.",0,1,0,0,0,INF[2],3188437,4,305,404
"Она по-прежнему присутствует в моей аптечке и успокаивает не только нервы, но и желудочно-кишечный тракт.",1,0,0,0,0,EF[2],2513399,11,701,806
"Нет уж, это пустая трата денег, которая не поможет защитить ваше здоровье ни на толику.",0,1,0,0,0,INF[2],2408295,10,653,740
Нужно между курсами делать перерыв месяца 3.,0,0,0,0,0,NEUTRAL,883078,9,472,516
Дозы указаны в инструкции.,0,0,0,0,0,NEUTRAL,271739,13,628,654
И уже на следующий день у меня все прошло.,1,0,0,0,0,EF[2],832817,7,695,737
В итоге никакого эффекта от этих леденцов я не заметила.,0,1,0,0,0,INF[3],2380047,13,754,810
"Ребенок спал уже практически всю ночь, просыпался но криков таких не было.",1,0,0,0,0,EF[2],2460834,6,607,681
"А вот в плане успокоения - не скажу, что не было эффекта.",1,0,0,0,0,EF[2],2534526,7,440,497
"Я не сказала бы, что это было спокойствие, скорее собранность и более холодная рассудительность.",1,0,0,0,0,EF[1],2670555,9,557,653
Уже года два-три даём этот препарат детям.,0,0,0,0,0,NEUTRAL,2436411,1,0,42
Именно таким неприятным моментом стало для меня выздоравливание от пневмонии.,1,0,0,0,0,EF[2],1086939,2,96,173
"Раньше после капель запах корвалола ещё минимум пол-часа мог оставаться вокруг меня, выдавая родным и близким, что что то не так со мной, а сейчас с применением таблеток моя тревога менее заметна окружающим.",1,0,0,0,0,EF[1],598445,5,438,645
"Температура не поднялась, слезы так и текли, также как и из носа все текло.",0,1,0,0,0,INF[5],2733509,9,458,533
"Есть различные вкусы, но по-моему мнению, с лимоном пить больше всего приятнее, остальное все сложно и неприятно по вкусу.",0,0,0,0,0,NEUTRAL,894297,3,157,279
"К сожалению, но в нашем случае дочке это средство не помогло.",0,1,0,0,0,INF[1],2555494,8,392,453
"Два дня Септефрил принимала, на ночь выпила Флю-колд, утром Амиксин, и что-то из них мне помогло.",1,0,0,0,0,EF[1],2674524,3,200,297
"Особого эффекта не заметила, так как ребенок как болел, так и болеет (с мазью ""Виферон"" или нет).",0,1,0,0,0,INF[2],2686291,2,164,261
"Ну подавала я глицина, а эффекта не особо почувствовала.",0,1,0,0,0,INF[1],2387405,8,411,467
Вывод таков: одно противовирусное средство не чаще 2 раз в год можно принимать.,0,0,0,0,0,NEUTRAL,590646,4,411,490
Общее впечатление : Отличный иммуномодулятор!,1,0,0,0,0,EF[1],953794,11,792,837
"У меня был обычный насморк, поэтому явного эффекта от применения капель Гриппферон я не заметила.",0,1,0,0,0,INF[1],250977,4,162,259
"Это к тому что на фоне всего происходящего он стал очень плаксивый, психованный, капризный, я будучи очень обеспокоенна его состоянием пошла к детскому неврологу, она с медсестрой покумекала и они пришли к решению что нам нужно выписать Успокоительное средство ""Глицин"" принимать в течении одного месяца, принимали в течении месяца не помогло абсолютно какой был нервный, психованный, такой и остался, так же может среди ночи проснуться с итерикой и ""Глицин"" не помог справиться ни с одной проблемой.",0,1,0,0,0,INF[1],275243,4,264,764
Помог нам быстрее побороть недуг.,1,0,0,0,0,EF[1],2658071,3,88,121
"Больше не куплю, деньги на ветер.",0,1,0,0,0,INF[2],2380047,15,893,926
"Засыпал лучше, чем обычно, истерики постепенно сошли на нет.",1,0,0,0,0,EF[3],822352,4,214,274
Выделения прекратились.,1,0,0,0,0,EF[4],1086939,13,788,811
"Курс я пропила, заболела всё-таки, но болезнь протекала легче и выздоровела я быстрее.",1,0,0,0,0,EF[1],2443835,5,338,424
"Буквально через день почувствовала эффект, пропила дня три-пять и все слава Богу прошло.",1,0,0,0,0,EF[1],873342,10,539,627
Нос с левой стороны внутри весь вспух и болел.,0,0,0,1,0,DI[1],835072,3,93,139
Цена тоже вполне приемлемая.,0,0,0,0,0,NEUTRAL,2555494,6,290,318
Мы одновременно делали ингаляции и на мой взгляд именно ингаляции нам помогли избавиться от простуды и боли в горле.,1,0,0,0,0,EF[2],2465822,10,591,707
"Советовали нам его давно еще для профилактики, слышала о нем много положительных отзывов.",0,0,0,0,0,NEUTRAL,2421166,2,52,141
"Этой мазью часто-густо пользовалась в осенне-зимний период, когда дочь шла в детсад.",0,0,0,0,0,NEUTRAL,656330,1,0,84
"Общее впечатление : Курс прошёл,а горло так и болит...",0,1,0,0,0,INF[2],944009,11,1026,1080
"Результаты стали видны через две недели, каждый день начали появляться новые слова, но был один момент.",1,0,0,0,0,EF[1],1740396,7,418,521
"Не понравился, ни вкус, ни запах... и эффект я тоже не увидела.",0,1,0,0,0,INF[3],2541923,1,0,63
"Не только при вирусных заболеваниях, но и при хронических инфекционно-воспалительных, вторичном иммунодефиците, при гинекологических заболеваниях и др.",0,0,0,0,0,NEUTRAL,953794,8,493,644
"Нам не помогал, болели часто.",0,1,0,0,0,INF[1],2448225,3,122,151
Да и сон не улучшился у меня.,0,1,0,0,0,INF[3],955050,11,585,614
Аллергии пока нет.,0,0,0,0,0,NEUTRAL,2698684,15,551,569
Вспомнила об Изопринозине.,0,0,0,0,0,NEUTRAL,1410682,4,321,347
"Да и болела я очень часто, но после их применения стала намного реже болеть гриппом и простудой.",1,0,0,0,0,EF[4],655424,7,356,452
"Препарат ""Эргоферон"" эффективен, но и цена приличная.",1,0,0,0,0,EF[4],822369,12,863,916
"Да и взрослым детский ""Антигриппин"" также помогает.",1,0,0,0,0,EF[1],273111,8,795,846
Быстро помогает.,1,0,0,0,0,EF[3],2685800,3,136,152
Потому как препарат не эффективен.,0,1,0,0,0,INF[1],817386,11,694,728
Мне не помогло.,0,1,0,0,0,INF[1],2733509,13,696,711
"Тут главное не переусердствовать, принимать по инструкции, а если в течении двух дней нет улучшений, лучше вызвать доктора.",0,0,0,0,0,NEUTRAL,24065,11,876,999
каждые 12 часов.,0,0,0,0,0,NEUTRAL,2509783,7,499,515
"Ни противовирусного, ни какого-то другого действия не имеет.",0,1,0,0,0,INF[1],815444,9,596,656
Сегодня уже третий день.,0,0,0,0,0,NEUTRAL,618939,8,295,319
С недавних пор начала страдать появлением герпеса на губах.,0,0,0,0,0,NEUTRAL,832817,1,0,59
"Препарат достаточно сильный, так что не рекомендую в качестве постоянного противовирусного средства.",0,0,0,0,0,NEUTRAL,811523,7,706,806
Инфекции есть у всех.,0,0,0,0,1,Other[4],882854,4,112,133
Т. е отличный припарат который отлично поддерживает иммунитет!,1,0,0,0,0,EF[1],2546207,8,738,800
"если пить регулярно, хотя-бы 2 недели и в принципе, стараться не нервничать, то помогает, хотя и не сразу... Общее впечатление : Успокаивает, но не всегда...",1,0,0,0,0,EF[1],940903,6,540,697
"Мой муж тоже подхватил какой-то вирус, принимал 2 дня и также поправился.",1,0,0,0,0,EF[2],635587,9,515,588
"Кстати у детских шипучек неплохие вкусы разные и детям нравятся как они шипят и растворяются в кипятке, поэтому они охотно их выпивают.",0,0,0,0,0,NEUTRAL,273111,7,659,794
"Сама жидкость бесцветная, с характерным запахом.",0,0,0,0,0,NEUTRAL,2438938,5,320,368
Общее впечатление : Отличное средство RATING 4 NOTE,0,0,0,0,0,NEUTRAL,875711,12,777,828
"В состав препарата входит: парацетамол, лоратадин, гидрохлорид римантадина, тригидрат рутозида, моногидрат глюконата кальция, кислота аскорбиновая.",0,0,0,0,0,NEUTRAL,2507228,13,586,733
"По инструкции сделала, как написано, расслабилась, и жду... жду... сон не спешит ко мне... настроение спокойное... пролежала, заснула поздно.",0,1,0,0,0,INF[2],2427129,2,320,461
"Нейтральный вкус всегда не оттолкнет ребенка, единственное неудобство заключается в применении .",0,0,0,0,0,NEUTRAL,656261,2,115,211
Также если в голове кавардак глицин помогает поставить голову на место.,1,0,0,0,0,EF[3],2445498,11,670,741
И вот насмотревшись рекламы о чудо-свойствах данного препарата я собралась в аптеку и приобрела рассасывающие таблетки.,0,0,0,0,0,NEUTRAL,944009,3,186,305
Общее впечатление : Быстродействующее средство RATING 4 NOTE,1,0,0,0,0,EF[3],616736,8,802,862
"А вот в четвертый и пятый раз, мне он не капельки ничего не облегчил простуда проходила по полной программе со всеми симптомами и по неделе, хотя принимала также при первых симптомах.",0,1,0,0,0,INF[1],612803,7,634,817
"Может быть препарат действительно помогает, но я этого не поняла.",0,1,0,0,0,INF[1],273783,10,631,696
Сердце молотит уже не так быстро.,1,0,0,0,0,EF[4],2445498,10,636,669
"Моя бабушка же сказала, что ей вроде помог-мозги вроде как лучше стали работать и по спокойней немного стала.",1,0,0,0,0,EF[1],2684706,3,220,329
В тот раз помогло.,1,0,0,0,0,EF[1],2653333,2,104,122
"Препарат только на один раз, организму он поможет, но дальше смысла нет деньги палить впустую.",0,1,0,0,0,INF[1],641485,6,404,498
"Но честно признаться, я не вижу ни каких результатов.",0,1,0,0,0,INF[1],2461123,9,457,510
Это хорошее средство против вируса.,1,0,0,0,0,EF[1],2510045,3,110,145
Мне помогало где то день на третий.,1,0,0,0,0,EF[3],609507,9,406,441
"Но во взрослой жизни, конечно-же стрессов куда больше... Поэтому, когда опять в глаза ""хоть спички вставляй"", пью 30 капель настойки пустырника.",0,0,0,0,0,NEUTRAL,940903,5,395,539
2.,0,0,0,0,0,NEUTRAL,2385125,6,425,427
"Это и ломота в суставах и температура а также депрессивное состояние, которое может быть все то время пока длится лечение.",0,0,0,0,0,NEUTRAL,2755968,5,497,619
"Он то да, притупил основные симптомы гриппа, но бороться с ним мне пришлось все-таки с помощью антибиотика.",0,1,0,0,0,INF[2],2658215,2,30,137
"Как лекарству от боли в горле не хватает немного обволакивающего свойства, как только конфетка растворяется, лечебное действие практически сразу проходит, однако как средство для снятия несильной боли, могу смело рекомендовать, в составе антибиотики и анестетик, благодаря которому боль действительно спадает.",1,0,0,0,0,EF[1],824400,3,208,517
Ну что можно сказать начну как обычно: большая картонная упаковка с изображением кружки в руках и названием.,0,0,0,0,0,NEUTRAL,2733509,2,38,146
"Общее впечатление : Препарат ""ни о чем"" RATING 1 NOTE",0,0,0,0,0,NEUTRAL,240878,15,717,770
Старая добрая валерьяночка помогает лучше.,1,0,0,0,0,EF[1],2423783,8,532,574
"Главное помнить, что использовать его можно не более семи дней, иначе может возникнуть привыкание.",0,0,0,0,0,NEUTRAL,2436121,7,591,689
"Общее впечатление : Азалептин, хорошое снатворное для людей страдающих бессоницей,и психическими заболеваниями.",1,0,0,0,0,EF[2],818785,6,626,737
Но мне ингавирин смог помочь за 3 дня.,1,0,0,0,0,EF[2],2663253,4,138,176
"Низ живота болеть перестал и я думаю, что еще несколько дней и можно идти прижигать эрозию.",1,0,0,0,0,EF[3],882854,21,746,837
"Действительно, если во время начать капать капли Грипферон помогают быстрее справится с болезнью.",1,0,0,0,0,EF[1],2540685,2,120,217
"Болезнь немного отступала, но потом с новой силой приходила и уже не какой ""Афлубин"" не помогал (хотя и пили мы его для профилактики по целому месяцу).",0,1,0,0,0,INF[1],2457636,5,344,495
"Он очень эффективен на самых ранних стадиях герпеса на губах, когда ещё только - только появляется дискомфорт и зуд на губе.",1,0,0,0,0,EF[1],942403,3,233,357
"Наверно как и у многих, у меня вечная проблема герпеса, до беременности вообще только немного подует ветер и все все губы в герпетическом высыпании .",0,0,0,0,0,NEUTRAL,2543328,1,0,149
"Если у вас насморк, смело покупайте, это средство обязательно поможет Время использования: 2 года Общее впечатление : удобен в применении и эффективен в борьбе с насморком RATING 5 NOTE",1,0,0,0,0,EF[1],269906,4,240,425
"Начинали принимать его в первый день заболевания по инструкции, и нам он совершенно не помог!!!",0,1,0,0,0,INF[1],2418485,10,714,809
Курс-2 недели.,0,0,0,0,0,NEUTRAL,656340,8,600,614
"Сон у меня улучшился, но беспокойство и раздражительность полностью не прошли.",1,1,0,0,0,EF[2]|INF[1],2731456,6,471,549
"У меня работа связана с постоянными стрессами, поэтому часто спасаюсь корвалолом.",0,0,0,0,0,NEUTRAL,2685800,7,295,376
"Капали мы 3 дня по 5 раз на день, а уже на четвертый день у нас появилась температура и кашель.",0,1,0,0,0,INF[1],644737,10,437,532
"К вечеру следующего дня почувствовала себя более менее нормальным человеком: нос - дышит, слез - нет, температура нормализовалась.",1,0,0,0,0,EF[1],913556,10,464,594
"Скажу так, средство не помогает ни при первых признаках, ни в период лечения скорейшему выздоровлению.",0,1,0,0,0,INF[1],936675,10,604,706
"Когда начинается грипп, на первых порах помогают неплохо шипучие таблетки от простуды ""АнтиГриппин ""Детский.",1,0,0,0,0,EF[2],273111,2,72,180
"Полегшало, забылись тревоги и вроде бы все хорошо.",1,0,0,0,0,EF[1],832096,7,443,493
"Составляющие я не знаю, но кому интересно может посмотреть аннотацию в интернете, способ применения я изложу: Первая таблетка пьется сразу - появляется облегчение, к приему второй таблетки, а это через 24 часа мне стало намного лучше.",1,0,0,0,0,EF[2],1400882,5,261,495
"Вакцина хорошая, никаких побочных действий или же осложнений не наблюдал после ее использования, а защиту дает очень хорошую.",1,0,0,0,0,EF[1],2453106,3,464,589
"Нравится, что этот препарат помимо сосудосуживающего эффекта помогает разжижать густые сопли.",1,0,0,0,0,EF[1],2695437,7,621,714
"мне так плохо было от них голова просто взрывалось, недомогание, усиление головокружение я думала умру!",0,1,0,0,0,INF[2],800450,4,117,220
"У ОБЕИХ: до 3х ни в одном глазу, примерно в 2 ночи началось сильное сердцебиение и лихорадка, к 5 ночи удалось заснуть, но было ощущение, что в полусне и были жуткие кошмары.",0,1,0,0,0,INF[1],151880,7,316,490
"Когда я и муж болели гриппом, то это средство закапывали малышу в целях профилактики.",0,0,0,0,0,NEUTRAL,591905,3,81,166
После отмены таблеток все прошло через неделю.,0,0,0,0,0,NEUTRAL,747352,9,561,607
Ужасный неэффективный препарат!,0,0,0,0,0,NEUTRAL,2461263,4,166,197
"Оно абсолютно не сбивает температуру 39, и другие симптомы гриппа не убирает, облегчения никакого.",0,1,0,0,0,INF[3],2433935,4,339,437
В 19-00 выпила вторую таблетку.,0,0,0,0,0,NEUTRAL,913556,8,368,399
для точности использовала пипетку от назальных капель Длянос.,0,0,0,0,0,NEUTRAL,2540685,7,490,551
Температура у ребёнка спала где-то через час после применения.,1,0,0,0,0,EF[1],624086,8,382,444
Никакой пользы они не принесут.,0,1,0,0,0,INF[2],817386,15,986,1017
Насморк не прошел.,0,1,0,0,0,INF[4],2698684,12,468,486
"По моему мнению препарат имеет очень высокую эффективность, что оправдывает сравнительно высокую цену.",1,0,0,0,0,EF[1],2690594,2,59,161
"Общее впечатление : Помогает, но дает сильную сыпь RATING 3 NOTE",1,0,0,0,0,EF[3],594103,7,149,213
Видимый эффект нам наверное рано еще судить но малыш простудился и простуда прошла в легкой форме.,1,0,0,0,0,EF[1],2732647,8,607,705
"Начала пить с первых симптомов заболевания строго по инструкции, но толку ни какого!!!",0,0,0,0,0,NEUTRAL,942554,1,0,86
Через несколько дней от простуды не осталось и следа.,1,0,0,0,0,EF[1],875711,8,510,563
"Обычно насморк проходит за 3-4 дня лечения, этот спрей за три дня не справился с ним.",0,1,0,0,0,INF[1],2379159,9,750,835
"И помогло, на третий день чувствовала себя уже отлично.",1,0,0,0,0,EF[1],2663253,9,284,339
Потом бабушка его тоже начала пить для профилактики.,0,0,0,0,0,NEUTRAL,2689273,7,503,555
"Малоэффективен, вызывает диарею, которая может продолжаться 2-3 дня.",0,1,0,0,0,INF[1],1979075,1,0,68
Так что эффект есть.,1,0,0,0,0,EF[3],2509783,5,363,383
"Дочке два года и она в августе впервые пошла в сад, начались проблемы с поведением.",0,0,0,0,0,NEUTRAL,2503811,2,61,144
"А вообще, конечно, при любых расстройствах лучше обратиться к врачу, вот он и назначит то, что наверняка поможет.",0,0,0,0,0,NEUTRAL,64509,8,579,692
"А так как свекровь - фармацевт, то у меня дома вседа лучшие препараты для лечения в самые болезненные периоды.",0,0,0,0,0,NEUTRAL,2492997,2,66,176
"А вот муж, на 5 день заболел и заразил меня.",0,1,0,0,0,INF[1],588478,8,558,602
"Спрей ИРС 19, меня как то не впечатлил.",0,0,0,0,0,NEUTRAL,265385,1,0,39
"Распыляла его в нос течении четырех дней, результата на меня не какого не оказал, слизистая еще больше раздражалось.",0,0,0,0,0,NEUTRAL,2410110,13,772,888
Поэтому в этом случае положительного эффекта я не наблюдал.,0,1,0,0,0,INF[1],591673,7,675,734
"После двух раз применения, с промежутком в 12 часов, получила признаки простуды (обильные выделения из носа (больше справа), чихание, увеличение шейных лимфоузлов).",0,1,0,0,0,INF[1],805646,1,0,164
"не знаю, может это только мне не помогло.",0,0,0,0,0,NEUTRAL,929986,19,792,833
Общее впечатление : Несколько раз использовали RATING 2 NOTE,0,0,0,0,0,NEUTRAL,591900,8,634,694
"Но мне и маме он подошёл лучше корвалола и т. д. Когда не могу долго уснуть тоже пью на ночь, только в меньшей дозировке.",1,0,0,0,0,EF[2],2700413,5,265,386
В течении вечера я постоянно мазала им и на утро уже красноты было меньше.,1,0,0,0,0,EF[2],2490571,11,830,904
"Забрали мы его из этого лагеря от греха подальше, дома за пять дней поставили на ноги.",0,0,0,0,0,NEUTRAL,2460904,4,466,552
"Головокружение вернулось и оно стало сильнее чем было, головная боль появилась, давление на месте не стояло.",0,1,0,0,0,INF[2],2551330,7,455,563
"Свечи мне понравились, время болезни сокращяют, симптомы облегчают, помогают справиться с соплями и предотвратить присоединение вирусной инфекции и избежать приём антибиотиков.",1,0,0,0,0,EF[1],2432421,4,245,421
"После недельного приема дочурка легче стала оставаться в саду, и хоть мы все равно еще плачем там, процесс привыкания идет немного легче.",1,0,0,0,0,EF[1],252298,7,488,625
"Эффект наступил не сразу после начала приема данного препарата, однако спустя несколько дней я заметила, что стала более спокойно реагировать на стрессовые ситуации и что мой сон действительно улучшился, наконец-то я стала высыпаться и утром вставать отдохнувшей и полной сил.",1,0,0,0,0,EF[2],2662915,6,556,832
"Он мне раза три помог, а потом перестал помогать.",1,1,0,0,0,EF[1]|INF[7],609507,14,564,613
"Так вот матирующего эффекта я не заметила, и сам герпес у меня прошел примерно за неделю.",0,1,0,0,0,INF[1],2523468,3,381,470
Купи и начала пить.,0,0,0,0,0,NEUTRAL,609191,6,398,417
"Принимала даже несколько раз в день - раза 3, наверное, но с эмоциями лекарство помогало справляться.",1,0,0,0,0,EF[1],822352,8,522,623
Следующее узи показало полный порядок.,0,0,0,0,0,NEUTRAL,1740396,4,214,252
"Очень хорошее и действенное средство, когда нужно облегчить ноющую боль в сердце или успокоиться.",1,0,0,0,0,EF[1],2685800,2,38,135
"Справедливости ради могу сказать, что моему ребенку не помогали и противовирусные капли других производителей, хотя друзья их хвалили и читала про них много хвалебных отзывов.",0,1,0,0,0,INF[1],2384638,6,647,822
"Валерьяна мне не помогает, фенозепамом я не увлекаюсь, а вот безопасный глицин отлично помогает заснуть, при чем очень быстро.",1,1,0,0,0,EF[7]|INF[8],2445498,5,309,435
"Она эффективна если например в эпидемию посещать какие то людные места, в течении пару часов.",1,0,0,0,0,EF[2],2452343,11,620,713
"Температура сохраняется, сопли ручьем, горло режет ножами, голова раскалывается.",0,1,0,0,0,INF[1],942554,3,111,191
"Помогает при температуре, ознобе, кашле и насморке.",1,0,0,0,0,EF[4],2733509,6,250,301
Первым было Аллокин проколола 3 укола и на 6 месяцев про герпес забыла.,1,0,0,0,0,EF[1],2653511,2,72,143
Принимала Иммунал строго по инструкции 4 раза в день 3 недели.,0,0,0,0,0,NEUTRAL,592814,4,207,269
Хотя к гомеопатическим препаратам я в общем отношусь положительно.,0,0,0,0,0,NEUTRAL,2729929,9,578,644
"Очень хорошее средство на начальном этапе простуды поняла для себя, эффективный только на первых трех днях простуды, если болеет ребенок уже неделю то покупать смысла нет, уже не поможет.",1,1,0,0,0,EF[2]|INF[1],2665699,5,321,508
Назначен был курс уколов психиатром ребенку из-за моих жалоб на отсутствие речи у ребенка (3 года).,0,0,0,0,0,NEUTRAL,2424557,2,56,155
После одной дозы в 2.5 мл ребенок плакал -еле успокоила.,0,0,0,0,0,NEUTRAL,2541923,5,192,248
"Перепробовала некоторые, но от каких-то болит голова, от каких-то никакого эффекта.",0,1,0,0,0,INF[3],264987,3,237,320
"Решила купить, закапала в нос, вообще ни каких изменений, как заложенность была, так и осталась, да и на улучшения ни как ни по действовало.",0,1,0,0,0,INF[1],2419250,4,287,427
"На месяц мне хватило 2х упаковок, пусть он и дороже многих успокоительных средств, но эффект от него есть.",1,0,0,0,0,EF[2],2538754,5,315,421
"Какой-то он неэффективный оказался, хотя у моей дочки и не было от него побочных эффектов.",0,1,0,0,0,INF[4],2533836,10,708,798
"После применения донормила у мужа исчезли такие явления как чиханье, насморк, зуд кожи.",1,0,0,0,0,EF[1],942280,7,413,500
"Уже на второй день я заметила общее улучшения: прошел озноб, першение в горле, да и больному носу стало гораздо легче.",1,0,0,0,0,EF[3],2689273,5,356,474
"В целом, если хотите заснуть, то донор мил поможет, но последствия того не стоят!",1,0,0,0,0,EF[1],1097205,7,514,595
"Несколько таблеток оставалось в домашней аптечке, давала мужу когда он заболел.",0,0,0,0,0,NEUTRAL,2515768,10,607,686
Противопоказаний у меня не было.,0,0,0,0,0,NEUTRAL,609507,11,468,500
Хочу попробовать дать ребенку.,0,0,0,0,0,NEUTRAL,580741,10,556,586
"Мама попила лекарство 2 дня, улучшение конечно было, но так и пришлось идти ещё докупать.",1,0,0,0,0,EF[2],807999,5,307,396
"Я испытала и на себе, помогает.",1,0,0,0,0,EF[1],643275,11,556,587
"После первого раза подумала, совпадение, но когда это продолжалось по несколько раз и мы обходились лишь ""соплями"" или легким недомоганием 2-3 дня, то Афлубин стал для меня лучшим помощником в борьбе с простудой.",1,0,0,0,0,EF[2],2398170,4,335,547
Но на себе его действия я не обнаружила.,0,1,0,0,0,INF[1],902248,13,632,672
"Возможно он был нам назначен для того, что бы рука в дальнейшем не потеряла свою функциональность.",0,0,0,0,0,NEUTRAL,2543301,4,714,812
На мое раздраженное горло смородневый вкус как-то не очень повлиял.,0,1,0,0,0,INF[3],2733509,10,534,601
Эффект значительный - облегчение и быстрое исчезновение синдромов простуды.,1,0,0,0,0,EF[2],2510045,8,474,549
"Педиатр сразу выписывает анаферон пить, причем в первый день по аннотации надо выпить чуть ли не пачку анферона, принимая его каждый час, затем по таблетке три раза в день.",0,0,0,0,0,NEUTRAL,2541096,2,45,217
"Может быть кому то и понравился, помог препарат, утверждать и спорить не буду, но на моем примере оказался не эффективный.",0,1,0,0,0,INF[2],2419250,6,532,654
Стафилококк оказался при мне.,0,0,0,0,0,NEUTRAL,591856,16,682,711
"Для меня это лекарство оказалось абсолютно бесполезным, как мертвому припарка.",0,1,0,0,0,INF[2],2433935,3,260,338
"Вкус у него не очень горький, по сравнению с некоторыми лекарствами.",0,0,0,0,0,NEUTRAL,641480,6,275,343
Врач прописала моей дочке 4 лет принимать Циклоферон.,0,0,0,0,0,NEUTRAL,2706079,1,0,53
"Он улучшает память, повышает физическую и умственную способность.",1,0,0,0,0,EF[3],2397861,3,89,154
Как были проблемы со сном так и остались.,0,1,0,0,0,INF[1],2537351,5,394,435
"На утро была как огурчик, но ослаблена.",1,0,0,0,0,EF[1],874652,7,525,564
Пошла в аптеку и купила одно лекарство от всех моих недугов сразу - АНТИГРИППИН.,0,0,0,0,0,NEUTRAL,886201,2,46,126
"Прямым ходом в аптеку, дайте, мол, волшебных таблеток (и побольшееее).",0,0,0,0,0,NEUTRAL,2385506,4,184,254
"Заварив сее средство в теплой воде и сразу выпив, особого облегчения не почувствовала.",0,1,0,0,0,INF[3],899066,5,600,686
Я не заметила никакого эффекта после его применения.,0,1,0,0,0,INF[1],2532936,9,370,422
"Вылечился и остался доволен, мне вот не так сильно повезло.",1,0,0,0,0,EF[3],2515768,11,687,746
В общем думаю как аскорбинку можно принимать ради разнообразия,0,0,0,0,0,NEUTRAL,2684706,7,618,680
Он нормализует мозговое кровообращение.,1,0,0,0,0,EF[1],2445498,12,742,781
"Я очень боюсь сквозняков, в результате которых у меня очень часто появляется простуда на губах и глазах.",0,0,0,0,0,NEUTRAL,2412180,1,0,104
"Да, сонливость, вялость, апатия - все это было, но и расслабило нормально.",1,0,0,0,0,EF[2],2653333,3,123,197
подружка работает в аптеке и посоветовала Назоферон.,0,0,0,0,0,NEUTRAL,2542614,3,236,288
Как не странно простуда прошла.,1,0,0,0,0,EF[1],1400882,8,655,686
Данное лекарственное средство можно найти в любой аптеке по достаточно умеренной цене и вообще на здоровье не экономят.,0,0,0,0,0,NEUTRAL,2700724,6,440,559
Ну скажу так первые приемы давали неплохой эффект.,0,0,0,0,0,NEUTRAL,2457636,4,293,343
"Начала принимать по инструкции, но улучшения через сутки никакого не настало, стало только хуже.",0,1,0,0,0,INF[2],646265,6,454,550
Никакого положительного воздействия на детский организм во время ОРВИ не наблюдала.,0,1,0,0,0,INF[1],2662704,2,45,128
"Не знаю совпадение это или препарат помог, пока ребенок его принимал в течение месяца вообще не болел.",1,0,0,0,0,EF[2],656118,6,432,534
"действие правда через недельку видно, но нам понравилось!",1,0,0,0,0,EF[1],2542614,6,401,458
"Я уже точно знаю, что если успеть при первых признаках заболевания принять порошочек, то с большей вероятностью заболеть не получиться!",1,0,0,0,0,EF[1],916237,2,107,242
Время использования: 2 года,0,0,0,0,0,NEUTRAL,2514396,8,854,881
"Пропили курс, все советы педиатра выполняли (а они ой как любят всем подряд по любому случаю Анаферон выписывать), но результатов в итоге никаких не получили, не лучше, не хуже дитю не стало, как болела через каждые три недели, так и продолжала болеть.",0,1,0,0,0,INF[1],653736,2,221,473
Покупала старшей дочери в четвертом классе по рекомендации педиатра.,0,0,0,0,0,NEUTRAL,2537351,1,0,68
"Утром выпил-день свободен) Я могу сказать, что болезненное состояние прошло уже на 2 день (сегодня я выпила 2 таблетку).",1,0,0,0,0,EF[2],2424679,10,539,659
RATING 3 NOTE,0,0,0,0,0,NEUTRAL,591673,10,952,965
"К сожалению результата он не дал, через две недели мы заболели.",0,1,0,0,0,INF[1],217439,4,178,241
Постараюсь немного рассказать о данных таблетках.,0,0,0,0,0,NEUTRAL,2522797,2,13,62
"Общее впечатление : Помог с речью,но потом побочный эффект был!",1,0,0,0,0,EF[1],1111461,6,379,442
Наверно пошло привыкание к препарату и он мне перестал помогать.,0,1,0,0,0,INF[4],609507,16,660,724
сна не в одном глазу.,0,1,0,0,0,INF[2],929986,11,513,534
"Ни для профилактики ( после профилактического курса я заболела, да и ещё очень сильно), ни при последующем лечении.",0,0,1,0,0,ADR[2],2445928,8,422,537
"Цена на этот препарат совсем смешная, так что совсем не удивительно, что толку никакого от него нет Время использования: 2 недели",0,0,0,0,0,NEUTRAL,582797,3,267,396
"Я принимал в соответствии с инструкцией, но не помогло совершенно.",0,1,0,0,0,INF[1],2428403,3,153,219
"У нас в семье, он тоже не всем помогает.",1,1,0,0,0,EF[1]|INF[3],2700413,4,224,264
"А вот Ново-пассит в таблетках немного эффективнее, но сильно в сон клонит.",1,0,0,0,0,EF[2],792635,10,609,683
И никуда моя тревожность не исчезла.,0,1,0,0,0,INF[1],2403676,4,584,620
"В моем случае Пирацетам помог справиться при интенсивных умственных нагрузках, когда я решала свои жилищные вопросы, одновременно работая, ухаживая за малышом (2,5 года) и за лежачей свекровью.",1,0,0,0,0,EF[2],811769,5,395,588
"Пришел ребенок со школы с вирусными признаками, а вскоре и заболел, заразил и младшего, но позвольте, где же результат лечения и профилактики препаратом Анаферон?!",0,1,0,0,0,INF[2],655105,6,408,571
"Распыляется жидкость небольшими дозами, для взрослого требуется два нажатия, для ребенка одно.",0,0,0,0,0,NEUTRAL,2379159,6,528,622
"Препарат приятный на вкус, растворяешь в воде, выпиваешь, прячешься под одеяло и потеешь, выталкиваешь все микробы на поверхность))) Общее впечатление : Помагает снять симптомы ОРВИ RATING 4 NOTE",1,0,0,0,0,EF[2],656346,6,490,685
"Муж болеет орви, в аптеке купили ингавирин.",0,0,0,0,0,NEUTRAL,1325273,1,0,43
"Утром, что удивительно, я просыпалась не разбитая, а очень бодрая, отдохнувшая.",1,0,0,0,0,EF[4],616736,3,275,354
"Проветриваю комнату, немного прогуливаюсь перед сном и если плохо засыпаю, то принимаю снотворное, которое способствует хорошему сну.",1,0,0,0,0,EF[1],2661222,5,412,545
А вот Ново - пассит действительно успокаивающе действовал на мою нервную систему.,1,0,0,0,0,EF[1],2380047,14,811,892
"Вроди прекрасно, но через неделю опять рецидив.",0,1,0,0,0,INF[3],2734640,14,550,597
Лишь спустя время ребенок стал спокойнее.,1,0,0,0,0,EF[2],2387405,9,468,509
"Эффекта ноль, вообще не помог, не отечность, не насморк не снял.",0,1,0,0,0,INF[1],2390747,2,96,160
Эффекта ноль.,0,1,0,0,0,INF[1],2659756,3,163,176
"Я тоже пострадала от укусов комаров летом, тоже мазалась и тоже как чесалась так и чесалась.",0,1,0,0,0,INF[5],591900,6,506,598
Но ребенок хоть кушать стал и жизнерадостности прибавилось.,1,0,0,0,0,EF[2],2503811,11,545,604
Я мама двоих детей.,0,0,0,0,0,NEUTRAL,2398170,1,0,19
В общем сижу полный нос соплей в горле говня и смотрит на меня этот баллончик злощастный ( Общее впечатление : а меня не впечатлил,0,1,0,0,0,INF[2],265385,4,156,286
"Мне таблетки не подошли, они затуманивают рассудок, вызывают заторможенность, но с моей бессонницей они не справились.",0,1,0,0,0,INF[1],2459114,7,464,582
"Пили мы его 2 недели 1 раз в день, так сказала врач.",0,0,0,0,0,NEUTRAL,950111,5,253,305
Попала с дочей в больницу и только там начали их капать до этого не знала о них.,0,0,0,0,0,NEUTRAL,646909,1,0,80
И тогда встал вопрос о принятии успокоительного средства.,0,0,0,0,0,NEUTRAL,955050,5,221,278
"Честно говоря я против таблеток, еще и в таком количестве, и даже пить не стала сразу.",0,0,0,0,0,NEUTRAL,2653511,6,521,607
Отдаю уже второй раз предпочтение кагоцелу.,0,0,0,0,0,NEUTRAL,2695134,1,0,43
Снимает симптомы и борется с вирусами.,0,0,0,0,0,NEUTRAL,587207,2,58,96
"Может включалось мое подсознание, может самовнушение, но валериана помогала мне справляться эмоциями.",1,0,0,0,0,EF[1],2513399,8,461,562
"После принятия этого средства в течении полу часа проходит и головная боль и боль в горле, но через пару часов все возобновляется, плюс к этому под вечер прибавился еще и озноб.",1,1,0,0,0,INF[1]|EF[4]|INF[2],811884,4,230,407
"Мгновенно помогает: избавляет от симптомов (насморка, кашля, боли в горле...).",1,0,0,0,0,EF[1],271739,6,254,332
"Когда к третьему дню я уже с дивана встать не мог, мама сильно удивилась, что мне не легче.",0,1,0,0,0,INF[1],2388099,7,415,506
"Да-да, лучше именно на травках, потому как химические вещества могут вызвать зависимость.",0,0,0,0,0,NEUTRAL,817386,6,390,479
Дочери 3 года и 7 месяцев сыну.,0,0,0,0,0,NEUTRAL,824781,2,18,49
"Правда может показаться дороговатым, но за прекрасное действие можно и потратиться, особенно когда болеешь и хочется быть в строю как можно раньше.",1,0,0,0,0,EF[4],2663253,11,373,520
Но к счастью все прошло благополучно.,0,0,0,0,0,NEUTRAL,1086939,17,937,974
Ну и 3 месяца высыпаний не было.,1,0,0,0,0,EF[1],2734640,9,364,396
Орвирем нам помог уже несколько раз.,1,0,0,0,0,EF[1],603416,7,435,471
"После первого брызга произошло чудо-наши сопельки исчезли, я подумала-надо же, какой чудо спрей, за одно применение сопли прошли... НО не тут то было... после второго брызга и последующих сопли начали литься в двойном обьеме, я в шоке, вместо того чтоб сопли прошли они начали течь еще намного больше... Ерунда в общем дорогая, и бестолковая... Больше никогда не куплюэтот препарат.",0,1,0,0,0,INF[1],589250,4,421,803
На развитие речи результата так никакого и не было и нет (уже прошло 3 месяца после приема).,0,1,0,0,0,INF[2],2424525,7,859,951
"Пропив 5 упаковок это примерно 500-600 рублей пять лет назад, я как болела, так и продолжала болеть.",0,1,0,0,0,INF[3],592814,7,517,617
RATING 4 NOTE,0,0,0,0,0,NEUTRAL,878817,6,570,583
"Мне кажется, что он самый бесполезный из опробованных нами противовирусных препаратов (виферон, кипферон, эргоферон).",0,1,0,0,0,INF[2],2418485,7,503,620
"Мы пробовали, когда была просто аллергия на непонятный нам продукт - легче не стало.",0,1,0,0,0,INF[2],591900,3,207,291
"Пришла домой, быстренько растворила и выпила, на вкус приятный, если вам немного кисловато можно добавить немного сахара или варенья, у меня так муж его пьет!",0,0,0,0,0,NEUTRAL,916237,3,243,401
И как и ожидалось толку от него ни какого.,0,1,0,0,0,INF[1],2533930,4,189,231
Вот и я столкнулась с данной ситуацией.,0,0,0,0,0,NEUTRAL,2540419,2,113,152
Общее впечатление : облегчает симптомы на ранней стадии заболевания RATING 4 NOTE,1,0,0,0,0,EF[1],894297,9,705,786
"Снотворным Рубикон ""Меласон"" я пользуюсь в то время, когда бывают трудные, напряженные дни и бывает порой такое, что трудно заснуть по ночам.",0,0,0,0,0,NEUTRAL,2661222,1,0,141
"Много раз меня выручал во время командировок, когда на болезнь абсолютно нет времени, и каждый рабочий день на счету.",0,0,0,0,0,NEUTRAL,2379731,2,171,288
"Он сказал, что ничего серьезного, однако наблюдается (в некоторой степени) истощение нервной системы и нужно немного поберечь нервы.",0,0,0,0,0,NEUTRAL,2662915,3,124,256
"Отзыв о таблетках Gedeon Richter ""Гроприносин"".",0,0,0,0,0,NEUTRAL,2525665,1,0,47
Эффекта если честно не вижу.,0,1,0,0,0,INF[1],2710914,3,132,160
"Улучшая его деятельность, способствует улучшению памяти, что в свою очередь облегчает процесс обучения.",0,0,0,0,0,NEUTRAL,811769,2,101,204
"""Альтабор"" я стала использовать при простуде постоянно и вот мои наблюдения: - действует медленно, то есть, тем людям, которые ходят на работу и требуют быстрого обесболивающего эффекта, такой препарат не подойдет; - говоря об обесболивании - в этом плане препарат не работает практически никак - только постепенное лечение; - состав, безусловно, порадовал - на травах и только скрепляющие компоненты, что крайне подходит для лечения; Общее лечение длится до 5 дней - за это время боль в горле проходит полностью и воспаление тоже.",1,1,0,0,0,INF[2]|EF[1],2492997,3,177,708
Ничуть он не помогал.,0,1,0,0,0,INF[1],934850,4,195,216
"Но пропив курс таблеток ""Тенотен"" я стала намного спокойнее.",1,0,0,0,0,EF[1],1049528,3,205,265
"Общее впечатление : Амиксин дорогое, неэффективное средство с эффективным побочным действием",0,1,0,0,0,INF[1],895731,6,275,367
С ее помощью насморк быстрее проходит.,1,0,0,0,0,EF[1],2670520,8,689,727
В нашем случае оказался сильный ринит.,0,0,0,0,0,NEUTRAL,217439,9,535,573
"Лекарственный препарат UPSA ""Фервекс"" для детей- отличный препарат понижающий температуру за короткое время.",1,0,0,0,0,EF[1],2700724,3,168,276
В результае вылечили ребенку сильную заложенность носа синупретом и пришлось антибиотик давать т. к. насморк оказался бактериальный.,1,0,0,0,0,EF[1],2527424,3,236,368
Распылитель работает хорошо.,0,0,0,0,0,NEUTRAL,2695437,5,496,524
"И как я удивилась когда на четвертый день малыш перестал кашлять, а на пятый мы пошли к врачу и нам сказали, что он здоров.",1,0,0,0,0,EF[1],610701,13,495,618
Мы пропили курс 2 недели и через неделю после прекращения приема заболели снова.,0,1,0,0,0,INF[2],950111,9,561,641
"Думаю, что препарат хорош для взрослых с крепкой сердечно-сосудистой системой, легко переносящих высокую температуру.",1,0,0,0,0,EF[1],2414358,7,493,610
Хорошее средство-рекомендую!,1,0,0,0,0,EF[2],598445,6,646,674
"И каково было мое разочарование, когда лечила я герпес около 10 дней.",0,1,0,0,0,INF[2],2537356,5,433,502
Мы оказались тоже в числе тех кому назначали.,0,0,0,0,0,NEUTRAL,655105,4,267,312
Помогло наконец.,1,0,0,0,0,EF[2],2540419,4,268,284
"Сам сиропчик приятный на вкус, но как по мне немного сладковат, давала я его малышу с помощью шприца (без иголки) ему так было интересней, чем с обычной ложечкой).",0,0,0,0,0,NEUTRAL,2414724,2,114,277
Время использования: 2 месяца,0,0,0,0,0,NEUTRAL,2460834,10,890,919
"Говорят, что внушение - уже полдела, но здесь ничего, может для моего организма что-то не подходит, или я не на ту подушку ложилась?",0,0,0,0,0,NEUTRAL,2427129,6,676,808
Кстати таблетки помогли несколько уменьшить симптомы болезни.,1,0,0,0,0,EF[1],2732826,6,363,424
"Нашей дочке препарат не подошел, побочка оказалась сильновыраженной.",0,1,0,0,0,INF[1],2706058,7,370,438
"Эта мазь нам всегда помогала, поэтому она всегда в моей сумочке.",1,0,0,0,0,EF[1],2390194,8,581,645
"Кстати, моя родственница делала акцент, что ей препарат помогает сохранить четкость мышления, реально улучшает память.",1,0,0,0,0,EF[1],2534526,5,262,380
"Что я увидела уже, это то что дочка стала лучше спать, нет криков сквозь сон, вечных расставаний в туалет и т. д В упаковке находится 15 пакетиков.",1,0,0,0,0,EF[2],2397861,7,348,495
"Ни разу ни мне, ни моей семье флюколд конкретно не помог снять первые симптомы гриппа или простуды.",0,1,0,0,0,INF[1],2395998,4,412,511
"Удручен настолько, что решил вот даже написать комментарий, потому что между помогает медленно и не помогает вообще – пропасть, включившая в себя испорченные выходные, в которые я планировал никак не валяться, обсиженным вирусами, а вовсе даже прекрасно проводить время.",0,1,0,0,0,INF[2],2385506,7,475,745
"Покраснение спадает, неприятные ощущения проходят, даже при фарингите и ангине.",1,0,0,0,0,EF[2],2522797,8,492,571
"Не раз эта мазь выручала в такие периоды, ну и конечно же во время простуды помогалаостановить течение заболевания и распространение инфекции, что для меня, как для человека со слабым иммунитетом, особенно важно.",1,0,0,0,0,EF[1],910656,3,241,453
"Через 15 минут мне становится намного легче, избавляет от температуры, нос дышит, это длится до 3 часов у меня, с простым Фармацитроном(температуру очень тяжело сбить).",1,0,0,0,0,EF[1],2489974,8,421,589
"После приёма препарата Лавомакс, появилась страшная сыпь по всему телу в виде мелких водяных болячек, красного цвета, по виду похожая на герпес, которая пять дней не СХОДИЛА и сильно чесалась, зудела и доставляла очень неприятные ощущения, а так же по всему лицу эта сыпь в большом количестве ВЫСЫПАЛО и оставила шрамы .",0,0,0,0,0,NEUTRAL,2818054,1,0,320
"Снимает страх, тревожность, улучшает сон - проверено на своём ребенке.",1,0,0,0,0,EF[1],2397861,4,155,225
"Про болели целый год, на второй год опять тоже самое, поняли нужно иммунустимулирующая терапия.",0,0,0,0,0,NEUTRAL,2546207,2,88,183
Парацетомол помогал на час и очень долго ждала его действия.,0,1,0,0,0,INF[2],901487,2,103,163
"Ему он помогает очень быстро даже при запоздалом лечении, так как муж затягивает с лечением очень часто.",1,0,0,0,0,EF[1],2457936,7,339,443
"Такое разрекламированное в последние годы средство ""Амизон"", а вот толку от него совершенно никакого.",0,0,0,0,0,NEUTRAL,936675,1,0,101
"Так же это цена, один пакетик сейчас стоит 8-9 гривен.",0,0,0,0,0,NEUTRAL,902248,7,367,421
"По рекомендации педиатра, стала мазать ребенку носик перед тем как выйти на улицу или перед походами в детский сад с целью профилактики вирусной инфекции и гриппа.",0,0,0,0,0,NEUTRAL,2686291,1,0,163
"Особенно эффект ощутим непосредственно после приёма лекарства, голова проходила, а нос начинал дышать.",1,0,0,0,0,EF[3],807999,7,446,548
"Мне как-то доводилось принимать Барбовал - это хорошее успокаивающее, которое при депрессивном состоянии, при психических растройствах успокаивает человека и востанавливает его в нормальное состояние.",1,0,0,0,0,EF[1],880939,1,0,200
"Конечно, может нужно его использовать в комплексе с внутренними препаратами, но как отдельное средство он нам не помог.",0,1,0,0,0,INF[3],591900,5,386,505
Покупать - Нет!,0,0,0,0,0,NEUTRAL,755139,10,814,829
"Толком не расслабляет, сплю плохо, но при этом появилась дикая раздражительность, агрессия, и такое чувство, как будто я выпил несколько банок энергетика и меня ""прет"", то есть чрезмерная активность, раздражает каждый звук.",0,1,0,0,0,INF[3],2653333,5,336,559
"Общее самочувствие лучше, но заложенность носа остается.",1,0,0,0,0,EF[1],618939,9,320,376
Общее впечатление : Результат хороший при комплексном лечении.,1,0,0,0,0,EF[3],591673,9,889,951
"Сама бы я ему эту разрекламированную пустышку никогда не дала, но не догадалась спросить, чем именно его лечат, когда сообщил, что простыл, понадеялась на квалифицированный персонал, а зря.",0,1,0,0,0,INF[1],2460904,2,108,297
"Но вот что удивительно: пил я пил его, а вирусы как гостили в моем организме, так и никуда не делись.",0,1,0,0,0,INF[1],2404082,9,383,484
"Я конечно, понимаю, что любое средство поможет за 7 дней.",0,0,0,0,0,NEUTRAL,2663253,3,80,137
"Принимаю его уже несколько дней, но ни каких сдвигов не обнаружила.",0,1,0,0,0,INF[3],811884,3,162,229
"непроизвольно, процесс засыпания с лекарством, то уснуть не смогу вообще!",0,1,0,0,0,INF[1],978728,3,230,303
Еще для пущего эффекта с утра выпил еще порцию и с чувством бодрости пошел на работу.,1,0,0,0,0,EF[1],885375,10,605,690
Вывод: нам этот сироп не помог к сожалению.,0,1,0,0,0,INF[1],950111,10,642,685
"Вообще и себе и мужу при гриппе на начальной стадии всегда покупаю шипучие таблетки, и ребенку тоже они помогают.",1,0,0,0,0,EF[3],273111,3,181,294
Нос не пробивает абсолютно !!!,0,1,0,0,0,INF[1],265385,2,40,70
"Теперь это псевдолекарство обхожу стороной, толку ноль от него.",0,1,0,0,0,INF[2],2428403,5,298,361
"Спала крепко всю ночь, не просыпаясь.",1,0,0,0,0,EF[2],747352,4,220,257
Сосуды совсем не сужает!!,0,1,0,0,0,INF[2],2461263,2,91,116
Принимала по инструкции и уже в конце рабочего дня почувствовала себя хорошо.,1,0,0,0,0,EF[1],24065,6,413,490
"Общее впечатление : Стоит дорого, в первый раз помог, а во второй - нет.",1,1,0,0,0,INF[5]|EF[1],886333,14,671,743
Помог ли от бессоницы - Нет!,0,1,0,0,0,INF[1],755139,9,785,813
"Также они очень хорошо помогают моей маме, ее работа связана общением с людьми, и не всегда люди бывают адекватные, чтобы не срываться, она принимает эти таблетки.",1,0,0,0,0,EF[3],1049528,4,266,429
"Вот я и прикупила себе настоечку валерианки, она мне очень помогает.",1,0,0,0,0,EF[1],2665872,5,459,527
"К сожалению хочу сказать, что при действительно серьезных проблемах с нервной системой она оказалась бесполезной, все равно что ""мертвому припарка"".",0,1,0,0,0,INF[2],2491250,5,355,503
Время использования: месяц,0,0,0,0,0,NEUTRAL,2463217,8,752,778
"После прочтения отзывов ожидала от нашего курса лечения большего в плане развития речи, но вполне возможно стоит еще немного подождать Общее впечатление : Ожидала большего RATING 3 NOTE",0,0,0,0,0,NEUTRAL,609740,7,531,716
"Это средство однозначно мне подходит, но всё сугубо индивидуально.",1,0,0,0,0,EF[2],264987,12,884,950
"Или у ребенка иммунитет такой хороший, или все же это гриппферон помог, и сын не заразился от нас, хотя я с ним постоянно контактировала.",1,0,0,0,0,EF[1],591905,4,167,304
Она не помогает.,0,1,0,0,0,INF[1],2723162,8,352,368
"2 дня температурный ад держался, на 3й день 37,4, потом 37, потом спала температура и началась интоксикация жуткая!",1,1,0,0,0,EF[3]|INF[1],901487,5,325,440
"Знаю, что его надо длительно принимать и все равно - мне не помогло.",0,1,0,0,0,INF[2],64509,5,383,451
"Приходится сначала немножко согревать свечку в руке, чтобы она чуть чуть подтаяла, и только тогда ставить.",0,0,0,0,0,NEUTRAL,2432421,7,555,661
"В результате понял, что это не медикаментозный препарат, а банальная биодобавка, от которой толку как с козла молока :) Понял это по НУЛЕВОМУ результату лечения.",0,1,0,0,0,INF[1],579743,4,142,303
И в процессе лечения тоже не помог.,0,1,0,0,0,INF[1],240878,8,408,443
Хорошо помогает при первых симптомах простуды и гриппа.,0,0,0,0,0,NEUTRAL,2420568,1,0,55
"Очень удобно в нос занусешь хорошо вдохнешь, продерет до самых мозгов.",0,0,0,0,0,NEUTRAL,893239,4,152,222
"На протяжении трех дней мне стало заметно легче, но простудные признаки не отсупали.",1,0,0,0,0,EF[1],2673128,6,487,571
"Справляется с симптомами быстро, эффективно.",1,0,0,0,0,EF[1],1031967,2,50,94
Хороший препарат и главное что помогает.,1,0,0,0,0,EF[1],2438938,8,548,588
"В итоге зрение перестало ухудшаться, сейчас заметны улучшения.",1,0,0,0,0,EF[3],2436921,3,114,176
"Вот так в нашем случае применение Анаферона оказалось абсолютно безрезультатным, а я надеялась, что ребенок может болеть меньше будет или хотя бы в более легкой форме переносить, но увы, чудо не произошло.",0,1,0,0,0,INF[2],653736,5,787,992
"Но к сожалению эффект мы оценить так и не смогли, зато описанные в инструкции побочные эффекты проявились в первый же вечер - появилась аллергические высыпания на коже, которые мы лечили 2 недели антигистаминными препаратами.",0,1,0,0,0,INF[1],1058674,4,378,603
"Нужно использовать комплексное лечение, прогревание и принимать лекарства от кашля и насморка отдельно.",0,0,0,0,0,NEUTRAL,2657172,4,387,490
Поэтому я и вам тоже не советую его.,0,1,0,0,0,INF[2],2533836,9,671,707
Время использования: 1 день,0,0,0,0,0,NEUTRAL,1058674,8,919,946
Если вам и Ацикловир помогает.,1,0,0,0,0,EF[6],609507,21,895,925
"Но если грипп перерос уже в кашель, спустился в бронхи - АнтиГриппин не помогает к сожалению.",0,1,0,0,0,INF[4],273111,5,408,501
"Да и бог с ценой, но ведь часто он вообще не помогает.",0,1,0,0,0,INF[4],886333,12,522,576
"Около двух лет кололи всевозможные препараты и было хорошее комплексное лечение, но результат все-равно был слабым, немного отпустило, но руку и ногу бабушке до конца не отпустило.",1,1,0,0,0,EF[5]|INF[2],618094,3,278,458
По совету знакомых решил попробовать донор мил в качестве снотворного.,0,0,0,0,0,NEUTRAL,1097205,1,0,70
И цена кстати у упаковочки считаю нормальной.,0,0,0,0,0,NEUTRAL,907319,12,711,756
"Однажды после очередной простуды, доктор приписал нам противовирусный препарат Афлубин (Bittner) для лечения старшему и младшему ребенку (8 месяцев) для профилактики, в итоге, дочка через недельку была в садике, а младшенький даже не болел, чему была безгранично рада.",1,0,0,0,0,EF[1],2398170,3,66,334
Эффект сразу поразил.,0,0,0,0,0,NEUTRAL,910944,4,215,236
"Нет того спокойствия как в танке, как многие утверждали.",0,1,0,0,0,INF[1],955050,10,528,584
"Итак, жена, при очередном моём заболевании, посоветовала пропить Лавомакс, так как перед этим сама опробовала и ей помогло, а несколько таблеток оставались ещё в пачке.",1,0,0,0,0,EF[1],811523,5,475,643
мне не помог от апатии и депрессии.,0,1,0,0,0,INF[1],2491980,2,26,61
"А вот если уже заболел, то порошок уменьшает жар, боль, и симптомы заболевания.",1,0,0,0,0,EF[2],894297,2,77,156
"В общем я бы не рекомендовала его покупать, так как несколько раз покупали и результат был один и тот же, никакой!",0,1,0,0,0,INF[1],905423,6,610,724
"Она рассказывала, что для нее он оказался незаменимым.",0,0,0,0,0,NEUTRAL,2534526,2,61,115
Ребенку становится намного легче уже через день после их применения.,1,0,0,0,0,EF[1],650293,12,559,627
Общее впечатление : эффективное средство!,1,0,0,0,0,EF[3],587207,7,413,454
"Сразу же начала поить им своего старшего сына, который часто болеет ОРВИ, а именно все вирусы оседают у него в горле.",0,0,0,0,0,NEUTRAL,656118,5,314,431
"Отзыв оставляю отрицательным, так как препарат дал побочные симптомы.",0,0,0,0,0,NEUTRAL,618094,9,934,1003
"Коробка с пузырьком 25 мл, ничем не отличающаяся от прочих настоек.",0,0,0,0,0,NEUTRAL,2443740,5,342,409
"После недели приема, я стал меньше нервничать, и мои руки стали заживать.",1,0,0,0,0,EF[1],792635,7,390,463
Начала пить по две таблетки.,0,0,0,0,0,NEUTRAL,264987,7,480,508
"Но, если более сильный стресс, то они не справятся с ним.",0,1,0,0,0,INF[3],2738039,14,663,720
"средство действительно действует, да вы заснете, но когда проснетесь поймете, что лучше бы не засыпали под действием этого препарата!",1,0,0,0,0,EF[2],108315,11,696,829
Уже на следующий день дочка стала засыпать вовремя и ночью не просыпалась.,1,0,0,0,0,EF[3],2537351,8,577,651
Параллельно усиленно занимаемся с логопедом.,0,0,0,0,0,NEUTRAL,2461123,11,545,589
Даже мне как взрослому человеку и маме вкус показался очень неприятным.,0,0,0,0,0,NEUTRAL,2550136,10,607,678
"Достаточно бессовестно с их стороны заявлять, что он что-то там лечит.",0,0,0,0,0,NEUTRAL,2428403,2,82,152
Как всегда желаю вам не болеть.,0,0,0,0,0,NEUTRAL,2670520,10,804,835
Так что не запускайте болезнь!,0,0,0,0,0,NEUTRAL,2446305,14,801,831
"После применения ""Гриппферона"" сразу чувствуешь некое облегчение в дыхательных путях.",1,0,0,0,0,EF[1],2446305,7,352,437
"Вот и вывод препарат по идее должен был уже начать действовать так как минимальный курс его приема составляет 1 неделю, а заболела я на 11 день после начала приема.",0,1,0,0,0,INF[2],592814,6,352,516
"кто перенес ЧМТ, а также тем, у кого по той или иной причине снижена активность отдельных участков головного мозга.",0,0,0,0,0,NEUTRAL,2690594,4,201,316
В их составе есть интерферон альфа-2 b рекомбинантный.,0,0,0,0,0,NEUTRAL,650293,10,479,533
